customer_id,name,city,joined_date
1,Divya Sharma,Chennai,2021-05-16
2,Karthik Mehta,Chennai,2023-10-17
3,Rishi Verma,Hyderabad,2020-03-06
4,Priya Verma,Bangalore,2022-10-31
5,Yash Sharma,Hyderabad,2024-01-06
6,Rishi Kumar,Mumbai,2023-04-21
7,Shreya Sharma,Chennai,2020-11-22
8,Deepa Patel,Mumbai,2021-03-16
9,Tanvi Reddy,Bangalore,2020-07-17
10,Vivek Singh,Hyderabad,2020-03-29
11,Lavanya Kapoor,Bangalore,2022-02-14
12,Ananya Kapoor,Mumbai,2023-07-11
13,Anushka Singh,Hyderabad,2023-12-13
14,Kiran Nair,Hyderabad,2024-05-02
15,Nikhil Verma,Pune,2020-07-25
16,Manish Joshi,Delhi,2022-01-17
17,Aditya Singh,Mumbai,2023-10-04
18,Shreya Menon,Kolkata,2023-08-20
19,Kiran Bose,Hyderabad,2022-12-29
20,Riya Das,Delhi,2021-07-06
21,Preeti Pillai,Chennai,2024-04-22
22,Sneha Pillai,Pune,2021-10-08
23,Swati Joshi,Bangalore,2023-03-07
24,Raj Iyer,Hyderabad,2022-03-21
25,Lavanya Mehta,Mumbai,2021-05-20
26,Preeti Kapoor,Mumbai,2023-04-12
27,Deepa Malhotra,Mumbai,2021-03-25
28,Rohan Chopra,Delhi,2024-03-27
29,Sneha Reddy,Bangalore,2020-11-23
30,Deepa Bose,Bangalore,2022-02-20
31,Yash Gupta,Delhi,2023-02-07
32,Arjun Chatterjee,Chennai,2023-10-28
33,Rishi Joshi,Chennai,2021-11-27
34,Divya Krishnan,Delhi,2022-07-18
35,Arjun Shetty,Kolkata,2021-06-23
36,Siddharth Das,Delhi,2020-08-05
37,Kavya Agarwal,Delhi,2021-02-11
38,Meera Singh,Chennai,2023-01-09
39,Anjali Sharma,Hyderabad,2022-09-27
40,Priya Reddy,Kolkata,2021-09-21
41,Riya Nair,Mumbai,2023-03-07
42,Ananya Verma,Chennai,2020-05-21
43,Rishi Mehta,Bangalore,2022-08-31
44,Preeti Das,Mumbai,2023-05-27
45,Deepa Iyer,Kolkata,2024-03-26
46,Sanjay Menon,Mumbai,2023-10-07
47,Isha Gupta,Kolkata,2022-07-13
48,Divya Pillai,Mumbai,2021-11-23
49,Priya Malhotra,Hyderabad,2023-04-20
50,Karthik Sharma,Bangalore,2023-07-16
51,Sneha Pillai,Bangalore,2020-03-05
52,Tanvi Verma,Delhi,2021-07-24
53,Nidhi Iyer,Delhi,2024-01-21
54,Aakash Malhotra,Delhi,2024-05-25
55,Varun Kumar,Bangalore,2020-07-17
56,Deepa Singh,Delhi,2022-08-14
57,Sneha Chatterjee,Hyderabad,2023-08-16
58,Vikram Nair,Delhi,2021-11-25
59,Vikram Pillai,Bangalore,2023-01-03
60,Harsh Mehta,Delhi,2021-07-24
61,Lavanya Pillai,Kolkata,2020-06-03
62,Harsh Kapoor,Bangalore,2023-08-28
63,Rishi Sharma,Ahmedabad,2024-03-23
64,Riya Das,Delhi,2022-09-12
65,Neha Rao,Kolkata,2020-12-03
66,Manish Sharma,Ahmedabad,2021-06-27
67,Lavanya Krishnan,Delhi,2024-02-05
68,Preeti Chatterjee,Chennai,2020-11-13
69,Sanjay Krishnan,Bangalore,2020-04-29
70,Maya Shetty,Delhi,2024-03-11
71,Raj Nair,Bangalore,2022-09-03
72,Siddharth Chopra,Bangalore,2022-11-06
73,Ananya Das,Bangalore,2020-05-19
74,Riya Rao,Bangalore,2023-03-12
75,Riya Malhotra,Hyderabad,2023-06-22
76,Ananya Kumar,Hyderabad,2023-03-03
77,Anjali Patel,Kolkata,2021-02-22
78,Raj Pillai,Mumbai,2020-09-25
79,Kavya Gupta,Mumbai,2024-03-19
80,Kiran Sharma,Delhi,2023-02-27
81,Vikram Verma,Delhi,2022-11-02
82,Amit Mehta,Kolkata,2020-05-20
83,Riya Singh,Mumbai,2022-06-16
84,Rishi Menon,Mumbai,2023-09-01
85,Anjali Sharma,Hyderabad,2023-02-09
86,Kavya Chatterjee,Bangalore,2020-10-02
87,Amit Reddy,Kolkata,2024-02-29
88,Preeti Mehta,Mumbai,2023-05-23
89,Neha Menon,Mumbai,2023-11-08
90,Amit Chopra,Delhi,2020-04-14
91,Ananya Agarwal,Delhi,2021-07-20
92,Rahul Sharma,Mumbai,2020-09-24
93,Amit Das,Chennai,2023-02-03
94,Deepa Kapoor,Bangalore,2020-06-03
95,Meera Kapoor,Bangalore,2022-01-26
96,Maya Kapoor,Bangalore,2020-09-18
97,Rahul Krishnan,Mumbai,2024-06-18
98,Rahul Singh,Bangalore,2021-05-26
99,Vikram Singh,Pune,2022-04-12
100,Anushka Shetty,Bangalore,2021-04-29
101,Aditya Das,Kolkata,2020-02-20
102,Pooja Shetty,Kolkata,2024-05-21
103,Abhishek Chatterjee,Pune,2021-05-23
104,Shreya Das,Pune,2020-08-09
105,Manish Nair,Pune,2021-03-31
106,Sanjay Gupta,Mumbai,2024-06-16
107,Karthik Pillai,Bangalore,2021-01-30
108,Swati Patel,Mumbai,2020-05-22
109,Shreya Singh,Hyderabad,2022-03-29
110,Rishi Patel,Kolkata,2020-08-24
111,Amit Das,Hyderabad,2021-06-27
112,Rahul Reddy,Hyderabad,2021-12-08
113,Raj Kumar,Hyderabad,2022-11-13
114,Divya Rao,Kolkata,2021-01-24
115,Amit Nair,Chennai,2020-01-04
116,Anjali Kapoor,Chennai,2024-02-28
117,Sanjay Singh,Delhi,2023-09-22
118,Tanvi Bose,Mumbai,2020-09-12
119,Kavya Chopra,Mumbai,2022-04-16
120,Raj Rao,Chennai,2023-02-09
121,Rohan Iyer,Delhi,2022-02-15
122,Pooja Bose,Hyderabad,2022-04-11
123,Preeti Sharma,Mumbai,2021-03-06
124,Deepa Malhotra,Hyderabad,2021-10-21
125,Lavanya Gupta,Delhi,2021-03-13
126,Siddharth Bhat,Pune,2024-06-18
127,Aditya Chatterjee,Bangalore,2022-11-21
128,Anushka Patel,Bangalore,2024-03-18
129,Riya Chatterjee,Mumbai,2021-02-11
130,Meera Sharma,Bangalore,2022-08-31
131,Anushka Verma,Delhi,2023-07-13
132,Aakash Iyer,Chennai,2022-02-25
133,Nidhi Rao,Mumbai,2023-09-05
134,Arjun Reddy,Chennai,2021-03-24
135,Pooja Menon,Delhi,2020-04-12
136,Preeti Pillai,Kolkata,2020-09-05
137,Lavanya Mehta,Pune,2023-09-29
138,Anjali Kapoor,Hyderabad,2024-03-26
139,Harsh Bose,Pune,2022-10-30
140,Deepa Kapoor,Delhi,2020-11-21
141,Varun Gupta,Mumbai,2021-05-21
142,Shreya Chopra,Delhi,2021-05-04
143,Shreya Gupta,Bangalore,2021-08-08
144,Riya Joshi,Mumbai,2023-01-11
145,Ananya Mehta,Bangalore,2022-02-23
146,Meera Menon,Bangalore,2022-04-29
147,Abhishek Patel,Delhi,2022-05-01
148,Sneha Iyer,Pune,2022-03-08
149,Maya Menon,Bangalore,2024-04-16
150,Aakash Rao,Delhi,2021-12-21
151,Kavya Rao,Pune,2022-05-08
152,Rishi Shetty,Chennai,2024-06-26
153,Yash Pillai,Delhi,2021-07-12
154,Deepa Bhat,Bangalore,2021-11-19
155,Swati Shetty,Bangalore,2022-08-15
156,Rohan Bose,Delhi,2022-03-17
157,Maya Malhotra,Hyderabad,2020-06-20
158,Deepa Mehta,Pune,2021-01-07
159,Sneha Joshi,Mumbai,2021-03-09
160,Lavanya Patel,Mumbai,2022-02-15
161,Shreya Kumar,Mumbai,2020-06-16
162,Varun Sharma,Chennai,2020-04-16
163,Vivek Pillai,Hyderabad,2024-05-18
164,Rahul Sharma,Kolkata,2021-02-12
165,Priya Bose,Bangalore,2020-09-15
166,Varun Chatterjee,Bangalore,2021-03-22
167,Lavanya Menon,Mumbai,2022-01-25
168,Aditya Bose,Hyderabad,2024-03-11
169,Divya Das,Ahmedabad,2020-08-09
170,Maya Sharma,Kolkata,2023-03-25
171,Manish Rao,Kolkata,2021-02-10
172,Kiran Malhotra,Chennai,2023-07-08
173,Riya Reddy,Chennai,2021-09-09
174,Yash Reddy,Pune,2023-03-05
175,Rahul Singh,Delhi,2023-09-16
176,Isha Verma,Delhi,2021-11-29
177,Arjun Kumar,Pune,2020-08-04
178,Deepa Singh,Hyderabad,2022-07-30
179,Meera Kumar,Bangalore,2022-12-04
180,Shreya Bose,Pune,2023-01-07
181,Varun Gupta,Delhi,2024-02-06
182,Maya Joshi,Mumbai,2021-05-17
183,Ananya Joshi,Kolkata,2021-05-14
184,Lavanya Malhotra,Hyderabad,2022-02-15
185,Tanvi Sharma,Delhi,2021-10-27
186,Pooja Bhat,Bangalore,2024-06-21
187,Amit Patel,Mumbai,2023-05-05
188,Shreya Kapoor,Bangalore,2021-01-26
189,Ananya Pillai,Chennai,2022-09-27
190,Preeti Pillai,Chennai,2023-08-15
191,Nidhi Gupta,Pune,2020-07-09
192,Nikhil Pillai,Delhi,2021-05-13
193,Kavya Chatterjee,Hyderabad,2022-08-27
194,Preeti Chopra,Mumbai,2024-03-07
195,Preeti Patel,Mumbai,2022-07-18
196,Shreya Krishnan,Mumbai,2020-09-04
197,Sanjay Patel,Bangalore,2023-01-02
198,Pooja Iyer,Bangalore,2022-09-18
199,Shreya Shetty,Hyderabad,2024-04-05
200,Anjali Bose,Mumbai,2020-07-24
201,Sanjay Krishnan,Mumbai,2021-01-02
202,Kavya Sharma,Chennai,2020-09-16
203,Shreya Nair,Ahmedabad,2023-02-07
204,Nikhil Menon,Kolkata,2023-07-30
205,Nidhi Reddy,Kolkata,2023-03-21
206,Nikhil Bhat,Delhi,2021-11-28
207,Pooja Nair,Mumbai,2022-09-05
208,Divya Verma,Delhi,2020-05-31
209,Aakash Agarwal,Chennai,2020-11-06
210,Meera Malhotra,Kolkata,2020-06-23
211,Riya Reddy,Hyderabad,2022-05-02
212,Yash Bose,Pune,2021-04-07
213,Anjali Rao,Delhi,2022-06-25
214,Kavya Malhotra,Ahmedabad,2021-09-17
215,Aakash Bose,Bangalore,2024-02-24
216,Vikram Iyer,Hyderabad,2021-06-25
217,Ananya Das,Mumbai,2023-02-04
218,Kiran Das,Bangalore,2022-07-11
219,Yash Bhat,Mumbai,2021-04-19
220,Nikhil Menon,Mumbai,2022-07-18
221,Kiran Chatterjee,Mumbai,2021-06-25
222,Maya Chatterjee,Pune,2021-02-09
223,Deepa Reddy,Delhi,2023-08-19
224,Meera Joshi,Pune,2020-05-26
225,Sneha Das,Pune,2023-05-03
226,Aakash Krishnan,Delhi,2022-08-17
227,Kavya Menon,Delhi,2021-07-11
228,Siddharth Kapoor,Delhi,2020-06-13
229,Yash Nair,Kolkata,2024-02-13
230,Raj Bose,Mumbai,2020-07-06
231,Karthik Chatterjee,Pune,2023-03-24
232,Maya Sharma,Ahmedabad,2023-10-08
233,Shreya Malhotra,Bangalore,2024-03-28
234,Pooja Bhat,Delhi,2022-06-24
235,Shreya Das,Ahmedabad,2022-06-11
236,Nidhi Verma,Delhi,2022-04-16
237,Tanvi Patel,Hyderabad,2020-11-25
238,Tanvi Kumar,Chennai,2021-08-13
239,Swati Kapoor,Bangalore,2020-06-29
240,Raj Joshi,Mumbai,2024-05-01
241,Swati Chopra,Pune,2020-01-03
242,Rishi Gupta,Delhi,2021-01-19
243,Anjali Singh,Hyderabad,2022-10-17
244,Harsh Nair,Bangalore,2023-01-29
245,Rohan Krishnan,Delhi,2023-12-01
246,Nidhi Reddy,Bangalore,2023-07-14
247,Yash Pillai,Chennai,2021-09-28
248,Preeti Sharma,Hyderabad,2020-07-09
249,Karthik Reddy,Delhi,2020-08-28
250,Meera Bhat,Kolkata,2021-08-20
251,Siddharth Menon,Mumbai,2022-09-15
252,Varun Pillai,Delhi,2020-10-23
253,Manish Iyer,Kolkata,2022-11-06
254,Rohan Verma,Mumbai,2024-06-05
255,Abhishek Patel,Kolkata,2022-11-05
256,Shreya Sharma,Mumbai,2021-09-03
257,Maya Malhotra,Ahmedabad,2022-09-29
258,Meera Gupta,Delhi,2021-12-07
259,Tanvi Kapoor,Chennai,2022-02-11
260,Lavanya Patel,Pune,2023-11-29
261,Riya Malhotra,Mumbai,2024-05-07
262,Abhishek Nair,Mumbai,2022-08-26
263,Manish Rao,Ahmedabad,2024-06-10
264,Meera Bhat,Ahmedabad,2020-09-15
265,Siddharth Malhotra,Mumbai,2020-07-24
266,Harsh Reddy,Delhi,2022-07-24
267,Arjun Shetty,Bangalore,2023-09-02
268,Meera Verma,Delhi,2021-06-26
269,Tanvi Bose,Chennai,2023-08-23
270,Ananya Patel,Pune,2022-12-28
271,Manish Patel,Hyderabad,2024-04-04
272,Nidhi Kapoor,Bangalore,2020-05-20
273,Riya Agarwal,Chennai,2021-08-11
274,Karthik Shetty,Bangalore,2020-07-20
275,Vikram Gupta,Bangalore,2021-09-05
276,Priya Nair,Mumbai,2020-04-24
277,Nikhil Singh,Mumbai,2020-10-25
278,Riya Chopra,Delhi,2023-10-28
279,Pooja Das,Bangalore,2023-06-02
280,Manish Bose,Chennai,2022-10-16
281,Maya Mehta,Mumbai,2023-07-30
282,Amit Gupta,Mumbai,2020-01-20
283,Lavanya Krishnan,Hyderabad,2020-11-19
284,Kiran Gupta,Kolkata,2023-04-18
285,Kavya Agarwal,Ahmedabad,2023-11-14
286,Amit Gupta,Pune,2021-02-11
287,Manish Bhat,Bangalore,2022-02-20
288,Aakash Singh,Hyderabad,2023-12-03
289,Nikhil Sharma,Ahmedabad,2023-09-10
290,Swati Joshi,Bangalore,2023-11-05
291,Sneha Bose,Chennai,2021-08-09
292,Karthik Bose,Pune,2021-03-24
293,Sanjay Bose,Mumbai,2024-03-27
294,Rohan Agarwal,Bangalore,2023-07-09
295,Rahul Krishnan,Pune,2020-03-09
296,Maya Singh,Chennai,2020-07-03
297,Nikhil Patel,Chennai,2020-12-25
298,Sanjay Mehta,Pune,2022-01-19
299,Anjali Chopra,Kolkata,2020-12-02
300,Amit Bhat,Ahmedabad,2021-08-27
301,Tanvi Reddy,Delhi,2020-06-03
302,Meera Pillai,Pune,2024-01-23
303,Swati Kapoor,Mumbai,2024-06-07
304,Swati Sharma,Mumbai,2020-09-10
305,Lavanya Singh,Hyderabad,2023-10-08
306,Amit Malhotra,Mumbai,2023-07-31
307,Isha Reddy,Hyderabad,2022-08-23
308,Priya Bose,Kolkata,2023-02-23
309,Raj Bose,Mumbai,2020-05-09
310,Lavanya Menon,Mumbai,2022-04-16
311,Divya Mehta,Bangalore,2020-03-17
312,Kavya Bhat,Bangalore,2021-04-25
313,Rishi Mehta,Mumbai,2022-01-29
314,Rishi Kumar,Hyderabad,2024-01-28
315,Meera Kumar,Hyderabad,2022-09-29
316,Anushka Kumar,Kolkata,2021-07-26
317,Rahul Menon,Mumbai,2022-06-27
318,Harsh Pillai,Pune,2020-07-22
319,Isha Kapoor,Kolkata,2023-08-13
320,Vivek Nair,Mumbai,2021-01-23
321,Divya Gupta,Bangalore,2021-03-10
322,Yash Sharma,Bangalore,2021-11-14
323,Riya Mehta,Pune,2021-02-24
324,Kiran Kapoor,Bangalore,2021-03-18
325,Karthik Patel,Chennai,2024-06-03
326,Yash Sharma,Mumbai,2020-10-23
327,Rohan Kapoor,Mumbai,2020-12-23
328,Divya Chatterjee,Pune,2020-09-26
329,Arjun Singh,Pune,2021-05-02
330,Maya Patel,Bangalore,2021-06-27
331,Sneha Mehta,Chennai,2022-12-13
332,Divya Shetty,Bangalore,2022-07-07
333,Isha Chopra,Hyderabad,2022-07-14
334,Siddharth Pillai,Kolkata,2020-03-29
335,Anjali Krishnan,Delhi,2020-03-04
336,Sneha Bhat,Pune,2022-05-23
337,Vikram Bhat,Chennai,2022-06-27
338,Kiran Verma,Mumbai,2020-10-30
339,Kiran Mehta,Mumbai,2023-07-20
340,Maya Kapoor,Chennai,2022-02-19
341,Yash Chopra,Mumbai,2022-11-01
342,Yash Kumar,Bangalore,2023-12-08
343,Divya Agarwal,Hyderabad,2024-04-23
344,Preeti Shetty,Pune,2022-05-30
345,Harsh Pillai,Delhi,2022-07-17
346,Swati Kumar,Chennai,2021-10-02
347,Deepa Patel,Hyderabad,2022-02-05
348,Meera Chatterjee,Kolkata,2020-05-17
349,Ananya Verma,Bangalore,2020-07-16
350,Isha Mehta,Hyderabad,2023-04-16
351,Preeti Kapoor,Mumbai,2020-09-07
352,Abhishek Singh,Kolkata,2024-03-16
353,Deepa Shetty,Bangalore,2021-08-12
354,Yash Krishnan,Mumbai,2023-03-29
355,Siddharth Iyer,Bangalore,2022-09-14
356,Karthik Reddy,Mumbai,2023-02-13
357,Isha Reddy,Chennai,2023-03-21
358,Karthik Kumar,Pune,2024-04-20
359,Anushka Bose,Hyderabad,2023-02-14
360,Priya Bose,Kolkata,2023-11-21
361,Shreya Sharma,Bangalore,2023-12-10
362,Kavya Patel,Mumbai,2021-01-06
363,Meera Malhotra,Hyderabad,2020-05-22
364,Meera Shetty,Hyderabad,2020-03-03
365,Ananya Shetty,Delhi,2022-02-09
366,Abhishek Gupta,Mumbai,2022-01-27
367,Kavya Shetty,Mumbai,2023-03-08
368,Yash Verma,Kolkata,2020-11-14
369,Aditya Bose,Bangalore,2020-06-16
370,Shreya Gupta,Hyderabad,2022-09-21
371,Yash Gupta,Delhi,2021-03-17
372,Siddharth Reddy,Mumbai,2020-08-15
373,Nikhil Chatterjee,Hyderabad,2022-09-23
374,Anjali Chatterjee,Mumbai,2021-03-27
375,Swati Bose,Bangalore,2021-02-22
376,Kavya Iyer,Chennai,2024-04-14
377,Amit Krishnan,Mumbai,2020-01-16
378,Nidhi Shetty,Delhi,2020-09-21
379,Manish Kapoor,Chennai,2022-10-21
380,Preeti Chatterjee,Pune,2020-05-27
381,Swati Shetty,Bangalore,2020-02-08
382,Lavanya Verma,Pune,2023-03-25
383,Deepa Malhotra,Delhi,2023-08-04
384,Abhishek Krishnan,Bangalore,2020-02-12
385,Raj Das,Pune,2023-06-19
386,Lavanya Menon,Kolkata,2020-06-29
387,Deepa Reddy,Mumbai,2023-04-21
388,Swati Chopra,Bangalore,2021-09-27
389,Tanvi Pillai,Mumbai,2020-12-10
390,Kiran Chopra,Hyderabad,2022-12-22
391,Siddharth Iyer,Kolkata,2021-12-16
392,Vivek Shetty,Ahmedabad,2023-08-14
393,Meera Pillai,Bangalore,2021-06-08
394,Sanjay Das,Hyderabad,2024-04-05
395,Kiran Das,Ahmedabad,2023-07-10
396,Nidhi Gupta,Chennai,2024-04-05
397,Maya Gupta,Chennai,2023-03-02
398,Anushka Patel,Pune,2023-07-08
399,Raj Mehta,Delhi,2022-08-18
400,Harsh Agarwal,Mumbai,2021-07-16
401,Maya Nair,Mumbai,2020-05-31
402,Kavya Gupta,Delhi,2020-04-26
403,Isha Krishnan,Bangalore,2020-07-03
404,Anushka Bose,Delhi,2022-08-05
405,Maya Kapoor,Ahmedabad,2024-02-22
406,Rahul Gupta,Kolkata,2023-03-16
407,Sanjay Patel,Hyderabad,2022-10-23
408,Meera Nair,Delhi,2021-12-04
409,Ananya Chopra,Hyderabad,2020-03-21
410,Riya Menon,Delhi,2022-06-18
411,Anjali Chopra,Hyderabad,2022-01-15
412,Isha Krishnan,Mumbai,2024-05-05
413,Tanvi Chatterjee,Hyderabad,2024-06-04
414,Tanvi Verma,Mumbai,2023-02-16
415,Manish Krishnan,Mumbai,2023-09-06
416,Yash Mehta,Mumbai,2023-04-08
417,Meera Singh,Mumbai,2023-09-05
418,Swati Mehta,Hyderabad,2020-06-22
419,Kavya Kapoor,Mumbai,2024-06-09
420,Tanvi Mehta,Hyderabad,2024-02-22
421,Anjali Verma,Hyderabad,2022-05-17
422,Siddharth Singh,Bangalore,2021-09-24
423,Pooja Iyer,Mumbai,2024-04-18
424,Nidhi Iyer,Mumbai,2020-10-08
425,Meera Verma,Mumbai,2024-06-02
426,Vikram Chopra,Chennai,2024-02-21
427,Anjali Nair,Hyderabad,2024-04-18
428,Anushka Mehta,Hyderabad,2020-11-11
429,Aditya Das,Pune,2024-04-28
430,Anushka Das,Chennai,2020-03-30
431,Abhishek Singh,Hyderabad,2021-05-01
432,Harsh Bose,Mumbai,2024-03-13
433,Harsh Pillai,Delhi,2021-09-25
434,Varun Iyer,Mumbai,2023-03-14
435,Harsh Gupta,Chennai,2024-05-12
436,Manish Chopra,Delhi,2020-11-27
437,Sanjay Bose,Bangalore,2021-05-27
438,Sneha Agarwal,Delhi,2022-01-30
439,Preeti Reddy,Chennai,2022-11-22
440,Divya Krishnan,Bangalore,2020-11-24
441,Shreya Gupta,Kolkata,2020-10-28
442,Deepa Verma,Kolkata,2021-03-30
443,Harsh Singh,Kolkata,2022-04-29
444,Sneha Rao,Delhi,2021-04-27
445,Manish Verma,Mumbai,2020-02-27
446,Raj Reddy,Pune,2023-08-24
447,Tanvi Mehta,Bangalore,2021-08-10
448,Varun Menon,Pune,2024-04-03
449,Varun Gupta,Hyderabad,2020-06-11
450,Priya Joshi,Bangalore,2020-11-02
451,Preeti Shetty,Hyderabad,2022-05-16
452,Divya Krishnan,Mumbai,2020-09-06
453,Sneha Pillai,Delhi,2024-06-13
454,Anushka Gupta,Bangalore,2022-10-20
455,Yash Kapoor,Bangalore,2022-11-21
456,Aakash Pillai,Chennai,2021-08-19
457,Deepa Sharma,Hyderabad,2021-05-07
458,Aakash Kumar,Bangalore,2023-09-30
459,Ananya Chopra,Ahmedabad,2020-05-18
460,Anjali Kapoor,Delhi,2022-11-05
461,Preeti Sharma,Mumbai,2022-08-20
462,Rahul Agarwal,Mumbai,2022-02-03
463,Amit Shetty,Bangalore,2024-06-02
464,Kiran Singh,Mumbai,2023-09-07
465,Vikram Malhotra,Chennai,2021-11-11
466,Rohan Nair,Mumbai,2021-11-24
467,Pooja Chatterjee,Delhi,2023-11-25
468,Varun Agarwal,Bangalore,2020-10-03
469,Kiran Menon,Chennai,2022-07-26
470,Rahul Krishnan,Bangalore,2024-06-08
471,Sanjay Nair,Mumbai,2021-09-27
472,Siddharth Rao,Ahmedabad,2023-01-17
473,Varun Joshi,Bangalore,2023-08-17
474,Sanjay Krishnan,Mumbai,2024-05-18
475,Sneha Agarwal,Mumbai,2020-09-11
476,Isha Kumar,Kolkata,2024-03-02
477,Harsh Rao,Mumbai,2021-01-17
478,Nidhi Menon,Delhi,2024-06-20
479,Anjali Joshi,Pune,2024-01-29
480,Deepa Verma,Delhi,2021-01-04
481,Rishi Krishnan,Mumbai,2020-06-12
482,Raj Chatterjee,Mumbai,2022-07-02
483,Yash Menon,Delhi,2023-11-13
484,Harsh Singh,Delhi,2024-01-28
485,Vivek Bose,Ahmedabad,2021-07-16
486,Sneha Verma,Hyderabad,2022-04-11
487,Isha Chopra,Pune,2023-10-23
488,Aditya Sharma,Bangalore,2023-05-29
489,Harsh Nair,Bangalore,2021-04-28
490,Isha Singh,Mumbai,2023-03-07
491,Rahul Bose,Bangalore,2022-07-10
492,Isha Singh,Delhi,2020-06-06
493,Aakash Mehta,Delhi,2022-03-26
494,Raj Agarwal,Mumbai,2020-08-20
495,Priya Shetty,Bangalore,2022-11-26
496,Manish Kapoor,Bangalore,2024-05-06
497,Amit Menon,Delhi,2023-06-07
498,Nikhil Menon,Kolkata,2022-10-02
499,Sanjay Reddy,Bangalore,2020-05-31
500,Harsh Das,Kolkata,2022-06-30
501,Ananya Chatterjee,Ahmedabad,2021-10-16
502,Vivek Menon,Bangalore,2023-01-15
503,Nikhil Krishnan,Pune,2023-12-28
504,Pooja Singh,Delhi,2020-09-05
505,Sanjay Mehta,Mumbai,2022-10-08
506,Priya Singh,Hyderabad,2022-01-25
507,Lavanya Kapoor,Bangalore,2020-06-25
508,Kiran Krishnan,Mumbai,2024-01-08
509,Varun Chopra,Delhi,2022-04-18
510,Aakash Verma,Bangalore,2021-10-11
511,Kiran Gupta,Delhi,2022-11-25
512,Vivek Mehta,Kolkata,2024-05-16
513,Preeti Agarwal,Hyderabad,2024-04-21
514,Rohan Kumar,Delhi,2020-04-23
515,Divya Chopra,Bangalore,2020-12-03
516,Aditya Patel,Kolkata,2021-04-06
517,Vivek Chopra,Kolkata,2020-06-10
518,Amit Iyer,Hyderabad,2023-02-02
519,Shreya Mehta,Hyderabad,2023-06-12
520,Rishi Verma,Delhi,2020-12-11
521,Maya Malhotra,Bangalore,2023-09-11
522,Anushka Shetty,Kolkata,2021-11-22
523,Aakash Nair,Pune,2020-02-28
524,Ananya Nair,Kolkata,2024-04-28
525,Aakash Joshi,Hyderabad,2024-04-19
526,Aakash Kumar,Hyderabad,2020-03-03
527,Nidhi Agarwal,Delhi,2023-08-07
528,Kavya Bhat,Mumbai,2023-11-03
529,Swati Krishnan,Delhi,2023-11-11
530,Sneha Das,Delhi,2022-09-18
531,Lavanya Iyer,Mumbai,2020-10-21
532,Raj Menon,Mumbai,2021-12-08
533,Swati Mehta,Chennai,2022-11-20
534,Preeti Reddy,Mumbai,2022-08-13
535,Divya Joshi,Delhi,2020-10-15
536,Vikram Nair,Mumbai,2022-02-25
537,Anushka Kumar,Mumbai,2020-11-23
538,Raj Malhotra,Chennai,2021-01-23
539,Aditya Bhat,Ahmedabad,2022-08-14
540,Nidhi Krishnan,Delhi,2020-07-03
541,Swati Chopra,Delhi,2021-05-08
542,Neha Malhotra,Mumbai,2020-04-13
543,Nikhil Bhat,Hyderabad,2023-09-01
544,Varun Krishnan,Delhi,2020-08-08
545,Deepa Mehta,Kolkata,2024-01-29
546,Isha Rao,Mumbai,2022-03-31
547,Sneha Malhotra,Hyderabad,2022-01-12
548,Preeti Krishnan,Bangalore,2022-10-29
549,Harsh Kapoor,Mumbai,2023-06-30
550,Anushka Reddy,Bangalore,2020-07-17
551,Swati Singh,Pune,2021-11-25
552,Preeti Singh,Chennai,2021-02-11
553,Yash Chopra,Delhi,2020-03-23
554,Rahul Nair,Bangalore,2021-11-13
555,Varun Chopra,Delhi,2023-05-26
556,Siddharth Mehta,Mumbai,2023-06-09
557,Raj Das,Mumbai,2023-06-16
558,Kavya Malhotra,Mumbai,2022-11-09
559,Rishi Bhat,Chennai,2021-09-05
560,Varun Sharma,Mumbai,2023-10-11
561,Divya Kumar,Hyderabad,2024-06-19
562,Priya Bose,Delhi,2023-09-04
563,Maya Malhotra,Mumbai,2020-04-15
564,Maya Bhat,Bangalore,2023-07-12
565,Anushka Rao,Bangalore,2023-10-26
566,Riya Nair,Hyderabad,2023-12-05
567,Divya Iyer,Bangalore,2021-10-04
568,Abhishek Mehta,Delhi,2021-02-21
569,Abhishek Chopra,Chennai,2022-08-23
570,Sneha Menon,Bangalore,2021-02-28
571,Preeti Patel,Ahmedabad,2022-09-06
572,Anjali Rao,Mumbai,2020-12-20
573,Lavanya Kapoor,Mumbai,2021-12-26
574,Amit Bose,Delhi,2021-05-19
575,Shreya Kapoor,Mumbai,2021-09-01
576,Nikhil Menon,Bangalore,2023-12-14
577,Nidhi Patel,Delhi,2023-02-21
578,Shreya Krishnan,Bangalore,2023-10-17
579,Rishi Rao,Kolkata,2022-03-19
580,Vivek Mehta,Mumbai,2021-08-12
581,Ananya Singh,Kolkata,2023-09-05
582,Amit Shetty,Delhi,2021-02-17
583,Rishi Joshi,Kolkata,2023-11-26
584,Shreya Mehta,Bangalore,2024-02-26
585,Maya Pillai,Mumbai,2023-10-03
586,Anjali Pillai,Hyderabad,2020-04-17
587,Vikram Kumar,Mumbai,2022-08-25
588,Vikram Chatterjee,Chennai,2020-01-11
589,Preeti Das,Delhi,2022-09-01
590,Varun Agarwal,Bangalore,2021-08-11
591,Raj Krishnan,Hyderabad,2024-04-23
592,Ananya Agarwal,Hyderabad,2022-12-31
593,Rahul Das,Delhi,2020-12-26
594,Rahul Rao,Pune,2021-01-16
595,Nikhil Nair,Bangalore,2023-03-09
596,Yash Reddy,Kolkata,2021-11-17
597,Nikhil Gupta,Ahmedabad,2023-01-17
598,Anjali Bhat,Kolkata,2020-10-01
599,Siddharth Gupta,Mumbai,2020-08-18
600,Tanvi Das,Chennai,2023-08-20
601,Amit Menon,Bangalore,2024-02-17
602,Tanvi Krishnan,Hyderabad,2024-03-30
603,Sanjay Das,Hyderabad,2023-08-01
604,Swati Kumar,Delhi,2020-06-26
605,Swati Chatterjee,Bangalore,2020-10-14
606,Varun Patel,Kolkata,2020-01-14
607,Amit Rao,Mumbai,2024-03-23
608,Shreya Patel,Mumbai,2024-01-20
609,Aakash Sharma,Mumbai,2022-01-06
610,Riya Nair,Hyderabad,2022-08-11
611,Kavya Das,Delhi,2022-10-26
612,Kavya Menon,Bangalore,2021-08-27
613,Isha Bose,Mumbai,2020-09-30
614,Varun Mehta,Delhi,2023-05-25
615,Isha Kumar,Chennai,2022-08-22
616,Rishi Chatterjee,Pune,2024-04-09
617,Riya Chatterjee,Chennai,2024-05-31
618,Ananya Chopra,Delhi,2023-12-12
619,Isha Verma,Kolkata,2020-08-17
620,Sneha Kapoor,Kolkata,2021-02-18
621,Aakash Kapoor,Bangalore,2021-11-02
622,Anjali Gupta,Bangalore,2021-02-24
623,Maya Bhat,Bangalore,2022-11-11
624,Harsh Nair,Delhi,2022-11-17
625,Abhishek Gupta,Hyderabad,2023-02-18
626,Lavanya Chatterjee,Pune,2024-01-21
627,Priya Rao,Mumbai,2020-01-07
628,Neha Malhotra,Bangalore,2022-05-17
629,Vivek Menon,Bangalore,2020-05-03
630,Kiran Bhat,Bangalore,2022-04-17
631,Pooja Mehta,Chennai,2024-02-02
632,Abhishek Singh,Ahmedabad,2022-02-22
633,Harsh Rao,Mumbai,2023-10-30
634,Rishi Mehta,Hyderabad,2021-12-13
635,Divya Das,Ahmedabad,2022-03-15
636,Anjali Mehta,Chennai,2021-04-01
637,Arjun Sharma,Ahmedabad,2022-08-06
638,Rishi Kumar,Delhi,2021-04-15
639,Riya Gupta,Mumbai,2021-07-18
640,Sanjay Shetty,Chennai,2020-03-06
641,Abhishek Bose,Chennai,2020-02-02
642,Riya Iyer,Bangalore,2023-05-01
643,Rahul Gupta,Hyderabad,2023-12-11
644,Sneha Pillai,Chennai,2022-04-03
645,Harsh Pillai,Delhi,2024-03-24
646,Sneha Mehta,Delhi,2021-08-15
647,Karthik Shetty,Hyderabad,2023-03-28
648,Yash Chatterjee,Pune,2021-04-30
649,Kavya Mehta,Ahmedabad,2022-12-03
650,Karthik Kumar,Mumbai,2020-05-04
651,Preeti Malhotra,Kolkata,2020-12-24
652,Deepa Kapoor,Delhi,2021-12-06
653,Manish Chopra,Mumbai,2022-05-02
654,Abhishek Mehta,Mumbai,2021-01-11
655,Rishi Bhat,Mumbai,2021-04-06
656,Kavya Menon,Bangalore,2022-08-06
657,Sneha Kapoor,Delhi,2022-05-03
658,Preeti Chopra,Bangalore,2021-05-12
659,Amit Iyer,Mumbai,2020-06-10
660,Harsh Singh,Bangalore,2024-01-23
661,Sanjay Nair,Mumbai,2023-10-11
662,Yash Bose,Bangalore,2020-05-29
663,Sanjay Malhotra,Chennai,2023-02-18
664,Neha Bhat,Bangalore,2021-11-12
665,Kavya Sharma,Bangalore,2021-01-24
666,Divya Shetty,Ahmedabad,2022-09-07
667,Riya Menon,Hyderabad,2021-02-22
668,Swati Pillai,Hyderabad,2024-05-07
669,Nikhil Rao,Delhi,2023-08-21
670,Vivek Krishnan,Mumbai,2022-11-16
671,Nidhi Gupta,Bangalore,2024-01-19
672,Varun Patel,Kolkata,2022-01-29
673,Raj Kumar,Bangalore,2021-03-29
674,Meera Sharma,Mumbai,2023-04-11
675,Maya Shetty,Delhi,2020-11-08
676,Sanjay Patel,Mumbai,2023-03-12
677,Riya Bhat,Hyderabad,2023-11-03
678,Tanvi Joshi,Chennai,2022-09-27
679,Nidhi Gupta,Bangalore,2024-06-16
680,Vivek Das,Bangalore,2023-01-24
681,Nidhi Das,Kolkata,2023-01-15
682,Sneha Chopra,Bangalore,2020-06-01
683,Sneha Sharma,Delhi,2023-07-15
684,Karthik Verma,Chennai,2020-01-19
685,Neha Chopra,Delhi,2020-05-03
686,Anushka Agarwal,Hyderabad,2023-06-16
687,Varun Chatterjee,Delhi,2020-01-14
688,Rishi Kapoor,Delhi,2020-02-04
689,Anjali Shetty,Mumbai,2021-08-10
690,Priya Chopra,Pune,2023-10-12
691,Deepa Das,Bangalore,2020-07-16
692,Anjali Mehta,Mumbai,2023-06-23
693,Anjali Joshi,Pune,2021-07-01
694,Swati Verma,Mumbai,2022-04-11
695,Lavanya Malhotra,Mumbai,2023-11-28
696,Karthik Krishnan,Chennai,2020-06-14
697,Rahul Verma,Delhi,2022-02-11
698,Preeti Bhat,Bangalore,2020-01-20
699,Aditya Verma,Delhi,2022-06-07
700,Tanvi Malhotra,Ahmedabad,2020-07-14
701,Anjali Nair,Mumbai,2023-11-18
702,Aakash Bhat,Mumbai,2020-06-01
703,Shreya Kapoor,Hyderabad,2020-03-08
704,Pooja Patel,Bangalore,2021-02-28
705,Maya Mehta,Chennai,2023-12-30
706,Swati Verma,Mumbai,2023-02-28
707,Riya Malhotra,Pune,2022-03-07
708,Rishi Patel,Mumbai,2024-02-23
709,Rohan Menon,Chennai,2022-10-22
710,Vivek Nair,Bangalore,2021-04-20
711,Kiran Patel,Hyderabad,2023-06-11
712,Yash Rao,Ahmedabad,2021-10-30
713,Priya Agarwal,Mumbai,2022-07-11
714,Nidhi Pillai,Mumbai,2022-02-07
715,Deepa Das,Hyderabad,2023-09-15
716,Manish Verma,Chennai,2021-08-27
717,Riya Menon,Bangalore,2021-07-02
718,Meera Rao,Chennai,2023-07-22
719,Meera Shetty,Mumbai,2022-01-08
720,Vikram Verma,Bangalore,2021-09-23
721,Harsh Singh,Chennai,2020-07-28
722,Rohan Verma,Bangalore,2022-07-08
723,Preeti Kapoor,Delhi,2020-07-30
724,Priya Verma,Mumbai,2020-07-09
725,Yash Bose,Pune,2022-02-27
726,Arjun Krishnan,Delhi,2024-05-14
727,Ananya Shetty,Kolkata,2021-05-12
728,Aakash Chopra,Bangalore,2022-02-18
729,Aditya Mehta,Mumbai,2021-07-03
730,Nidhi Mehta,Bangalore,2022-06-09
731,Shreya Kumar,Mumbai,2024-05-21
732,Kiran Singh,Mumbai,2021-05-20
733,Nidhi Bose,Hyderabad,2022-07-26
734,Vikram Mehta,Mumbai,2022-03-21
735,Tanvi Bose,Mumbai,2021-11-05
736,Harsh Patel,Delhi,2023-08-26
737,Yash Mehta,Mumbai,2023-05-20
738,Sanjay Bhat,Mumbai,2022-03-26
739,Raj Krishnan,Chennai,2023-07-20
740,Nidhi Malhotra,Pune,2021-10-29
741,Manish Joshi,Pune,2022-03-15
742,Isha Reddy,Kolkata,2021-02-13
743,Maya Kapoor,Bangalore,2024-04-21
744,Preeti Sharma,Ahmedabad,2022-08-03
745,Neha Gupta,Pune,2023-11-19
746,Kiran Kumar,Hyderabad,2020-10-12
747,Kavya Pillai,Mumbai,2020-11-11
748,Deepa Rao,Bangalore,2023-05-09
749,Varun Malhotra,Delhi,2022-11-03
750,Abhishek Kapoor,Bangalore,2022-01-06
751,Rishi Bose,Hyderabad,2020-06-23
752,Vikram Pillai,Hyderabad,2021-12-28
753,Aditya Agarwal,Hyderabad,2023-02-27
754,Swati Patel,Ahmedabad,2022-05-31
755,Vikram Sharma,Bangalore,2021-03-30
756,Siddharth Shetty,Delhi,2023-04-03
757,Aakash Pillai,Delhi,2022-03-12
758,Lavanya Chatterjee,Hyderabad,2022-10-21
759,Meera Singh,Ahmedabad,2022-09-15
760,Vikram Krishnan,Delhi,2020-06-24
761,Divya Shetty,Bangalore,2021-09-30
762,Tanvi Gupta,Pune,2022-12-03
763,Varun Singh,Delhi,2022-06-16
764,Harsh Patel,Bangalore,2020-04-01
765,Divya Sharma,Pune,2023-08-20
766,Vikram Chatterjee,Pune,2024-02-25
767,Riya Chopra,Bangalore,2020-11-23
768,Tanvi Kapoor,Delhi,2022-08-04
769,Karthik Rao,Hyderabad,2021-01-16
770,Deepa Rao,Bangalore,2023-06-11
771,Sanjay Gupta,Hyderabad,2022-03-07
772,Arjun Menon,Bangalore,2021-07-24
773,Kiran Malhotra,Bangalore,2023-01-04
774,Pooja Singh,Mumbai,2022-07-26
775,Divya Joshi,Hyderabad,2022-09-29
776,Anjali Agarwal,Mumbai,2022-03-06
777,Anushka Rao,Hyderabad,2021-12-13
778,Vivek Gupta,Hyderabad,2023-10-11
779,Kavya Bose,Hyderabad,2023-10-08
780,Rohan Patel,Bangalore,2021-09-17
781,Divya Das,Mumbai,2020-10-16
782,Siddharth Rao,Delhi,2020-10-09
783,Aakash Rao,Delhi,2022-09-23
784,Rishi Menon,Kolkata,2020-12-20
785,Preeti Das,Delhi,2020-10-14
786,Pooja Patel,Pune,2023-06-22
787,Sneha Singh,Ahmedabad,2022-09-19
788,Rohan Iyer,Pune,2023-02-24
789,Siddharth Agarwal,Delhi,2023-11-03
790,Nidhi Kumar,Chennai,2022-06-28
791,Nidhi Das,Bangalore,2020-03-04
792,Karthik Krishnan,Bangalore,2021-04-05
793,Rishi Krishnan,Bangalore,2022-07-25
794,Aakash Shetty,Chennai,2022-10-11
795,Preeti Chopra,Bangalore,2020-08-21
796,Shreya Kapoor,Pune,2022-01-21
797,Rishi Nair,Chennai,2022-06-22
798,Rishi Iyer,Ahmedabad,2020-07-28
799,Riya Krishnan,Kolkata,2020-03-07
800,Harsh Joshi,Mumbai,2020-06-27
801,Harsh Reddy,Chennai,2021-04-30
802,Neha Shetty,Hyderabad,2021-12-19
803,Anushka Agarwal,Delhi,2023-06-15
804,Rohan Iyer,Pune,2020-05-01
805,Aakash Singh,Delhi,2023-05-07
806,Rishi Das,Mumbai,2023-12-12
807,Nikhil Krishnan,Hyderabad,2022-11-19
808,Vikram Mehta,Ahmedabad,2024-05-28
809,Abhishek Nair,Ahmedabad,2023-09-05
810,Rohan Menon,Pune,2021-05-26
811,Meera Menon,Mumbai,2021-05-21
812,Swati Bhat,Bangalore,2023-07-19
813,Shreya Agarwal,Delhi,2022-07-14
814,Kiran Agarwal,Pune,2024-04-23
815,Ananya Rao,Delhi,2021-07-23
816,Isha Gupta,Ahmedabad,2021-11-01
817,Maya Sharma,Pune,2024-02-09
818,Ananya Shetty,Ahmedabad,2023-07-24
819,Vivek Verma,Pune,2022-03-25
820,Neha Kumar,Pune,2022-10-10
821,Shreya Patel,Pune,2021-11-22
822,Preeti Malhotra,Bangalore,2022-09-20
823,Tanvi Chatterjee,Chennai,2020-04-04
824,Vikram Agarwal,Pune,2022-07-30
825,Priya Reddy,Kolkata,2020-11-19
826,Harsh Gupta,Bangalore,2022-05-26
827,Sanjay Menon,Kolkata,2023-08-24
828,Kavya Das,Kolkata,2021-07-15
829,Ananya Agarwal,Mumbai,2020-06-17
830,Isha Chatterjee,Kolkata,2020-12-04
831,Sneha Rao,Hyderabad,2024-01-26
832,Karthik Kumar,Hyderabad,2023-12-12
833,Vikram Sharma,Bangalore,2020-06-08
834,Rohan Malhotra,Mumbai,2023-10-24
835,Harsh Sharma,Bangalore,2021-12-04
836,Divya Kumar,Chennai,2022-09-05
837,Kiran Pillai,Mumbai,2024-02-05
838,Vikram Reddy,Mumbai,2021-09-04
839,Rohan Rao,Chennai,2024-03-22
840,Rohan Agarwal,Ahmedabad,2020-10-19
841,Kiran Chopra,Hyderabad,2023-06-03
842,Aditya Gupta,Mumbai,2021-03-12
843,Meera Kumar,Hyderabad,2022-06-25
844,Neha Verma,Kolkata,2020-10-13
845,Divya Malhotra,Chennai,2021-12-20
846,Deepa Patel,Pune,2021-05-22
847,Shreya Agarwal,Bangalore,2023-02-07
848,Yash Bose,Chennai,2021-08-06
849,Priya Chatterjee,Kolkata,2021-02-24
850,Anjali Bose,Delhi,2024-03-11
851,Swati Krishnan,Hyderabad,2024-05-24
852,Riya Bhat,Mumbai,2021-05-08
853,Nidhi Agarwal,Hyderabad,2022-12-17
854,Arjun Singh,Kolkata,2020-09-27
855,Manish Malhotra,Delhi,2023-01-23
856,Pooja Bhat,Ahmedabad,2024-04-26
857,Kiran Sharma,Hyderabad,2020-01-29
858,Amit Iyer,Bangalore,2020-05-03
859,Swati Chopra,Mumbai,2023-12-30
860,Siddharth Kumar,Delhi,2022-04-03
861,Ananya Agarwal,Delhi,2023-06-15
862,Meera Joshi,Bangalore,2020-06-10
863,Siddharth Iyer,Ahmedabad,2020-11-14
864,Rishi Patel,Mumbai,2023-07-23
865,Kiran Krishnan,Chennai,2024-02-03
866,Riya Nair,Mumbai,2022-06-08
867,Divya Gupta,Hyderabad,2020-04-22
868,Kavya Chatterjee,Chennai,2024-02-25
869,Pooja Reddy,Bangalore,2020-10-08
870,Arjun Das,Delhi,2021-12-11
871,Anjali Chopra,Pune,2024-01-16
872,Amit Das,Mumbai,2024-03-15
873,Shreya Shetty,Kolkata,2024-04-28
874,Priya Patel,Pune,2021-07-11
875,Anjali Verma,Mumbai,2023-03-26
876,Kiran Bhat,Delhi,2022-01-07
877,Sneha Bhat,Pune,2020-12-07
878,Isha Das,Mumbai,2020-07-29
879,Aakash Chatterjee,Chennai,2021-04-12
880,Siddharth Sharma,Bangalore,2020-01-26
881,Riya Nair,Delhi,2022-02-23
882,Meera Das,Kolkata,2020-03-13
883,Preeti Menon,Chennai,2022-05-08
884,Karthik Patel,Mumbai,2024-01-15
885,Raj Joshi,Pune,2023-03-16
886,Isha Reddy,Delhi,2020-04-17
887,Pooja Pillai,Pune,2020-04-04
888,Swati Verma,Kolkata,2021-08-01
889,Kavya Patel,Bangalore,2022-07-24
890,Arjun Singh,Bangalore,2023-02-28
891,Kavya Shetty,Hyderabad,2022-08-08
892,Isha Malhotra,Ahmedabad,2024-05-01
893,Sanjay Shetty,Kolkata,2024-04-06
894,Riya Mehta,Bangalore,2022-04-19
895,Priya Pillai,Delhi,2023-07-26
896,Arjun Patel,Bangalore,2023-09-08
897,Manish Shetty,Chennai,2020-07-31
898,Neha Chopra,Ahmedabad,2022-05-09
899,Nidhi Nair,Ahmedabad,2020-10-18
900,Shreya Verma,Bangalore,2021-04-19
901,Anjali Kumar,Chennai,2022-02-01
902,Lavanya Shetty,Bangalore,2020-07-14
903,Siddharth Mehta,Hyderabad,2022-03-18
904,Kiran Malhotra,Hyderabad,2022-06-09
905,Rohan Pillai,Mumbai,2021-10-07
906,Swati Menon,Pune,2021-10-30
907,Raj Gupta,Mumbai,2020-06-01
908,Sanjay Mehta,Chennai,2023-04-12
909,Vikram Mehta,Bangalore,2022-07-09
910,Lavanya Patel,Delhi,2023-01-02
911,Vivek Iyer,Delhi,2022-08-06
912,Amit Reddy,Bangalore,2023-11-06
913,Kavya Menon,Chennai,2020-03-23
914,Neha Patel,Bangalore,2023-12-27
915,Riya Singh,Mumbai,2020-04-10
916,Kavya Joshi,Pune,2020-12-22
917,Priya Rao,Pune,2023-02-12
918,Preeti Pillai,Bangalore,2020-07-27
919,Rohan Reddy,Bangalore,2024-05-18
920,Karthik Mehta,Bangalore,2022-03-31
921,Isha Chatterjee,Hyderabad,2023-08-13
922,Ananya Malhotra,Hyderabad,2020-06-02
923,Priya Verma,Bangalore,2023-08-15
924,Harsh Mehta,Bangalore,2021-11-10
925,Divya Nair,Kolkata,2020-04-13
926,Aditya Malhotra,Delhi,2024-01-23
927,Swati Bhat,Bangalore,2023-10-31
928,Deepa Das,Mumbai,2021-01-18
929,Shreya Joshi,Delhi,2020-10-31
930,Rahul Bose,Hyderabad,2021-05-18
931,Nikhil Bhat,Delhi,2023-02-01
932,Varun Nair,Bangalore,2022-02-23
933,Rohan Kumar,Bangalore,2024-06-20
934,Anjali Pillai,Hyderabad,2024-06-30
935,Rishi Sharma,Ahmedabad,2024-05-20
936,Vivek Bhat,Delhi,2022-09-19
937,Vivek Malhotra,Delhi,2022-03-06
938,Shreya Das,Bangalore,2023-05-07
939,Karthik Sharma,Kolkata,2024-05-13
940,Shreya Nair,Pune,2022-08-24
941,Anjali Singh,Chennai,2021-04-21
942,Aditya Reddy,Mumbai,2021-05-08
943,Shreya Kapoor,Pune,2024-02-18
944,Sneha Pillai,Hyderabad,2024-06-21
945,Manish Singh,Kolkata,2020-12-21
946,Pooja Pillai,Hyderabad,2024-02-20
947,Vivek Malhotra,Bangalore,2023-12-05
948,Vivek Malhotra,Hyderabad,2023-02-27
949,Sanjay Bhat,Delhi,2020-12-25
950,Nidhi Nair,Bangalore,2021-04-21
951,Yash Pillai,Bangalore,2022-09-05
952,Arjun Patel,Kolkata,2021-02-16
953,Rohan Patel,Chennai,2021-10-24
954,Sneha Sharma,Bangalore,2023-12-14
955,Meera Reddy,Pune,2022-01-17
956,Kiran Singh,Chennai,2023-09-18
957,Swati Malhotra,Bangalore,2021-09-10
958,Raj Mehta,Ahmedabad,2024-02-08
959,Deepa Agarwal,Ahmedabad,2023-08-22
960,Raj Das,Chennai,2023-02-24
961,Anushka Singh,Mumbai,2023-04-21
962,Pooja Rao,Mumbai,2023-11-11
963,Nikhil Mehta,Bangalore,2020-01-04
964,Aakash Rao,Pune,2024-04-27
965,Aakash Nair,Bangalore,2021-10-13
966,Anushka Pillai,Hyderabad,2020-08-01
967,Nidhi Mehta,Mumbai,2020-06-08
968,Riya Singh,Ahmedabad,2020-12-09
969,Ananya Menon,Hyderabad,2024-02-02
970,Tanvi Gupta,Bangalore,2021-03-05
971,Riya Menon,Bangalore,2021-06-09
972,Vikram Shetty,Bangalore,2022-03-01
973,Harsh Shetty,Delhi,2020-12-06
974,Abhishek Bhat,Kolkata,2021-12-20
975,Rishi Rao,Bangalore,2022-09-08
976,Aakash Agarwal,Chennai,2021-04-06
977,Aditya Gupta,Bangalore,2020-03-09
978,Nikhil Sharma,Mumbai,2020-08-02
979,Kiran Patel,Bangalore,2022-02-07
980,Aditya Shetty,Bangalore,2020-07-09
981,Tanvi Bose,Ahmedabad,2022-09-15
982,Priya Kumar,Kolkata,2020-12-03
983,Yash Kumar,Bangalore,2020-07-26
984,Tanvi Iyer,Ahmedabad,2022-04-18
985,Preeti Shetty,Kolkata,2023-01-11
986,Amit Chatterjee,Mumbai,2021-05-01
987,Vikram Nair,Mumbai,2023-01-30
988,Nidhi Mehta,Bangalore,2020-01-08
989,Deepa Verma,Mumbai,2023-09-17
990,Yash Bhat,Bangalore,2020-02-22
991,Neha Das,Hyderabad,2020-06-16
992,Varun Reddy,Mumbai,2022-03-25
993,Varun Bhat,Kolkata,2021-06-26
994,Ananya Agarwal,Delhi,2021-01-13
995,Isha Rao,Mumbai,2022-07-01
996,Rahul Joshi,Delhi,2021-06-23
997,Karthik Joshi,Hyderabad,2020-11-05
998,Vikram Verma,Hyderabad,2023-01-13
999,Abhishek Malhotra,Mumbai,2020-05-04
1000,Manish Chopra,Delhi,2023-01-01
1001,Varun Malhotra,Kolkata,2022-09-02
1002,Kavya Verma,Mumbai,2024-01-02
1003,Rahul Chopra,Hyderabad,2022-11-24
1004,Aakash Chatterjee,Ahmedabad,2020-10-28
1005,Divya Gupta,Bangalore,2020-12-08
1006,Neha Iyer,Bangalore,2022-05-17
1007,Ananya Chatterjee,Delhi,2023-07-08
1008,Meera Bose,Mumbai,2024-01-29
1009,Kiran Verma,Mumbai,2022-03-24
1010,Preeti Patel,Pune,2022-11-30
1011,Lavanya Sharma,Pune,2023-06-30
1012,Maya Chopra,Pune,2020-08-18
1013,Abhishek Mehta,Bangalore,2023-04-19
1014,Maya Reddy,Kolkata,2023-02-26
1015,Vikram Krishnan,Pune,2021-12-05
1016,Abhishek Joshi,Mumbai,2022-09-21
1017,Aakash Bose,Delhi,2020-12-18
1018,Shreya Rao,Bangalore,2023-05-31
1019,Swati Nair,Mumbai,2021-11-09
1020,Riya Nair,Chennai,2021-07-04
1021,Isha Sharma,Mumbai,2024-06-13
1022,Kavya Krishnan,Mumbai,2022-10-03
1023,Vikram Pillai,Bangalore,2024-03-03
1024,Harsh Patel,Mumbai,2022-05-03
1025,Yash Agarwal,Bangalore,2022-06-23
1026,Neha Kumar,Chennai,2024-04-04
1027,Anjali Singh,Pune,2022-11-21
1028,Aditya Verma,Mumbai,2022-11-03
1029,Swati Mehta,Pune,2022-12-09
1030,Aakash Sharma,Bangalore,2021-02-15
1031,Sneha Pillai,Bangalore,2020-04-13
1032,Isha Menon,Bangalore,2022-01-24
1033,Lavanya Chopra,Mumbai,2020-09-10
1034,Priya Pillai,Mumbai,2023-05-01
1035,Harsh Das,Ahmedabad,2022-08-29
1036,Maya Kapoor,Mumbai,2020-11-30
1037,Amit Shetty,Pune,2020-07-04
1038,Nikhil Sharma,Mumbai,2020-11-29
1039,Aakash Iyer,Pune,2023-08-18
1040,Karthik Chatterjee,Bangalore,2023-08-27
1041,Abhishek Chopra,Bangalore,2024-05-17
1042,Arjun Bhat,Kolkata,2023-08-18
1043,Pooja Bose,Pune,2021-04-03
1044,Amit Bose,Pune,2021-09-17
1045,Shreya Kumar,Kolkata,2021-12-15
1046,Lavanya Joshi,Bangalore,2021-09-10
1047,Anjali Bose,Mumbai,2020-07-28
1048,Arjun Chopra,Ahmedabad,2022-02-05
1049,Preeti Agarwal,Hyderabad,2021-08-01
1050,Kavya Chatterjee,Bangalore,2020-05-10
1051,Tanvi Joshi,Hyderabad,2021-07-21
1052,Amit Agarwal,Chennai,2023-08-27
1053,Kavya Iyer,Bangalore,2024-04-16
1054,Riya Nair,Pune,2023-05-13
1055,Swati Chatterjee,Mumbai,2020-10-13
1056,Priya Agarwal,Delhi,2021-08-28
1057,Amit Kumar,Delhi,2024-02-17
1058,Rahul Malhotra,Chennai,2023-03-17
1059,Sanjay Patel,Chennai,2021-03-31
1060,Rishi Agarwal,Pune,2023-10-07
1061,Vivek Chopra,Mumbai,2020-12-14
1062,Preeti Das,Mumbai,2022-08-22
1063,Rohan Shetty,Mumbai,2023-02-18
1064,Pooja Chatterjee,Kolkata,2023-09-02
1065,Ananya Pillai,Mumbai,2024-03-04
1066,Kavya Kumar,Pune,2021-11-09
1067,Isha Joshi,Hyderabad,2022-08-07
1068,Divya Bhat,Bangalore,2023-07-23
1069,Maya Malhotra,Kolkata,2020-05-25
1070,Varun Iyer,Delhi,2023-10-26
1071,Manish Chopra,Mumbai,2020-04-20
1072,Meera Mehta,Ahmedabad,2021-12-02
1073,Abhishek Malhotra,Kolkata,2022-07-26
1074,Meera Patel,Pune,2021-01-04
1075,Ananya Bhat,Mumbai,2020-12-28
1076,Raj Agarwal,Bangalore,2022-07-14
1077,Shreya Iyer,Chennai,2020-12-11
1078,Aakash Das,Delhi,2024-04-12
1079,Ananya Mehta,Hyderabad,2023-07-21
1080,Deepa Rao,Delhi,2022-09-04
1081,Manish Sharma,Bangalore,2021-02-12
1082,Isha Sharma,Kolkata,2024-03-30
1083,Anjali Iyer,Bangalore,2020-01-09
1084,Riya Pillai,Chennai,2021-12-06
1085,Kavya Mehta,Bangalore,2022-10-27
1086,Maya Krishnan,Bangalore,2020-04-03
1087,Kavya Krishnan,Delhi,2022-12-01
1088,Yash Chopra,Mumbai,2023-11-07
1089,Rohan Patel,Ahmedabad,2022-09-30
1090,Vivek Iyer,Bangalore,2022-04-06
1091,Priya Pillai,Mumbai,2020-09-25
1092,Neha Shetty,Bangalore,2022-10-30
1093,Aditya Reddy,Mumbai,2023-08-25
1094,Rahul Rao,Kolkata,2021-06-07
1095,Rishi Bose,Bangalore,2020-04-08
1096,Vikram Agarwal,Pune,2020-04-08
1097,Divya Kumar,Delhi,2020-09-10
1098,Preeti Joshi,Delhi,2020-11-09
1099,Neha Menon,Chennai,2020-01-20
1100,Kavya Kumar,Hyderabad,2023-09-18
1101,Anjali Joshi,Hyderabad,2023-12-06
1102,Rohan Kumar,Pune,2020-08-02
1103,Siddharth Shetty,Hyderabad,2021-08-01
1104,Divya Reddy,Delhi,2023-06-01
1105,Sanjay Joshi,Pune,2021-02-17
1106,Vivek Menon,Delhi,2020-11-24
1107,Rahul Kapoor,Delhi,2021-03-01
1108,Varun Patel,Mumbai,2020-01-27
1109,Ananya Reddy,Pune,2023-10-02
1110,Nidhi Mehta,Kolkata,2024-05-15
1111,Siddharth Verma,Chennai,2020-07-26
1112,Amit Agarwal,Mumbai,2021-08-29
1113,Amit Gupta,Bangalore,2020-12-23
1114,Rahul Krishnan,Mumbai,2023-10-18
1115,Raj Kumar,Chennai,2020-07-13
1116,Rahul Sharma,Pune,2023-09-20
1117,Aditya Patel,Mumbai,2022-06-15
1118,Anushka Joshi,Kolkata,2020-07-09
1119,Isha Patel,Bangalore,2022-03-31
1120,Swati Gupta,Mumbai,2022-02-28
1121,Varun Kumar,Hyderabad,2024-06-20
1122,Aditya Reddy,Bangalore,2024-01-27
1123,Sneha Das,Bangalore,2023-04-24
1124,Varun Malhotra,Hyderabad,2021-01-06
1125,Anushka Rao,Chennai,2023-06-06
1126,Priya Chatterjee,Kolkata,2024-01-29
1127,Rohan Bhat,Kolkata,2020-08-19
1128,Abhishek Gupta,Bangalore,2021-06-19
1129,Raj Sharma,Chennai,2023-10-20
1130,Anjali Shetty,Hyderabad,2023-03-03
1131,Karthik Chatterjee,Kolkata,2022-11-29
1132,Anjali Menon,Chennai,2020-07-14
1133,Deepa Chatterjee,Chennai,2022-09-13
1134,Vivek Chatterjee,Hyderabad,2022-02-27
1135,Meera Kapoor,Kolkata,2023-06-09
1136,Sneha Sharma,Hyderabad,2020-11-17
1137,Siddharth Bhat,Pune,2020-12-04
1138,Kiran Bhat,Mumbai,2021-11-08
1139,Shreya Nair,Delhi,2023-02-01
1140,Manish Rao,Pune,2020-06-10
1141,Lavanya Gupta,Pune,2022-07-06
1142,Ananya Bhat,Delhi,2020-08-31
1143,Nidhi Shetty,Hyderabad,2020-07-29
1144,Swati Kumar,Bangalore,2023-01-29
1145,Arjun Verma,Pune,2023-06-21
1146,Kavya Chopra,Hyderabad,2023-09-02
1147,Lavanya Patel,Mumbai,2020-04-21
1148,Karthik Gupta,Mumbai,2024-04-20
1149,Anushka Bose,Delhi,2023-09-07
1150,Isha Menon,Delhi,2020-07-18
1151,Karthik Sharma,Mumbai,2023-07-21
1152,Nikhil Kapoor,Delhi,2023-12-08
1153,Vikram Nair,Kolkata,2022-10-05
1154,Rohan Menon,Chennai,2022-04-18
1155,Vikram Joshi,Hyderabad,2021-01-19
1156,Divya Rao,Bangalore,2024-05-19
1157,Sanjay Menon,Mumbai,2024-03-30
1158,Abhishek Nair,Kolkata,2023-10-08
1159,Maya Reddy,Chennai,2022-07-11
1160,Lavanya Chatterjee,Hyderabad,2022-10-29
1161,Rohan Bhat,Bangalore,2024-02-16
1162,Sneha Kapoor,Kolkata,2023-04-13
1163,Varun Chopra,Pune,2020-12-28
1164,Maya Das,Chennai,2020-09-19
1165,Vikram Rao,Hyderabad,2023-05-26
1166,Raj Chopra,Kolkata,2022-05-07
1167,Yash Menon,Chennai,2021-07-14
1168,Swati Patel,Ahmedabad,2022-07-16
1169,Rohan Mehta,Delhi,2023-12-04
1170,Siddharth Krishnan,Pune,2023-01-26
1171,Raj Menon,Chennai,2023-02-07
1172,Neha Iyer,Bangalore,2024-01-03
1173,Nikhil Chatterjee,Mumbai,2023-10-09
1174,Rohan Menon,Hyderabad,2020-12-30
1175,Siddharth Kapoor,Chennai,2021-10-22
1176,Divya Singh,Hyderabad,2023-04-08
1177,Aakash Chatterjee,Chennai,2023-10-12
1178,Rishi Krishnan,Kolkata,2022-05-15
1179,Arjun Chopra,Bangalore,2022-02-19
1180,Meera Nair,Hyderabad,2021-02-13
1181,Shreya Das,Ahmedabad,2023-10-31
1182,Amit Mehta,Pune,2023-11-15
1183,Nikhil Iyer,Chennai,2020-03-07
1184,Vivek Gupta,Bangalore,2023-10-15
1185,Preeti Pillai,Chennai,2023-02-23
1186,Manish Pillai,Delhi,2024-06-19
1187,Nikhil Menon,Hyderabad,2022-02-20
1188,Manish Kumar,Ahmedabad,2023-11-04
1189,Raj Kapoor,Bangalore,2024-03-03
1190,Amit Iyer,Hyderabad,2024-05-18
1191,Harsh Pillai,Kolkata,2023-12-14
1192,Isha Malhotra,Delhi,2023-05-20
1193,Sanjay Shetty,Ahmedabad,2021-08-25
1194,Harsh Das,Ahmedabad,2020-06-01
1195,Pooja Das,Chennai,2020-09-01
1196,Manish Nair,Delhi,2023-02-13
1197,Amit Mehta,Bangalore,2021-06-06
1198,Arjun Patel,Delhi,2020-11-13
1199,Rahul Mehta,Kolkata,2023-05-07
1200,Sneha Agarwal,Hyderabad,2023-09-17
1201,Kavya Bhat,Pune,2023-01-31
1202,Vivek Verma,Pune,2021-10-12
1203,Anjali Pillai,Ahmedabad,2022-12-02
1204,Kiran Chopra,Bangalore,2023-01-17
1205,Rishi Rao,Bangalore,2021-03-29
1206,Neha Chatterjee,Mumbai,2022-01-08
1207,Nikhil Iyer,Ahmedabad,2023-06-20
1208,Anjali Bhat,Ahmedabad,2024-03-20
1209,Arjun Reddy,Hyderabad,2022-07-01
1210,Riya Agarwal,Hyderabad,2023-06-26
1211,Riya Nair,Chennai,2021-10-19
1212,Manish Reddy,Mumbai,2023-01-11
1213,Nikhil Sharma,Kolkata,2024-04-26
1214,Isha Chopra,Pune,2022-07-01
1215,Nidhi Nair,Mumbai,2023-08-27
1216,Sanjay Patel,Delhi,2020-07-15
1217,Aditya Kapoor,Delhi,2023-07-07
1218,Kiran Iyer,Hyderabad,2024-05-03
1219,Neha Chatterjee,Delhi,2020-07-31
1220,Neha Kapoor,Pune,2024-02-27
1221,Deepa Agarwal,Pune,2020-05-27
1222,Meera Sharma,Delhi,2021-11-10
1223,Rahul Verma,Bangalore,2020-12-30
1224,Amit Kapoor,Bangalore,2021-04-11
1225,Amit Kumar,Mumbai,2023-07-14
1226,Swati Kumar,Mumbai,2022-03-08
1227,Divya Kapoor,Bangalore,2024-01-15
1228,Anushka Verma,Chennai,2023-04-14
1229,Rahul Menon,Pune,2022-01-02
1230,Siddharth Reddy,Mumbai,2023-11-05
1231,Kavya Bose,Bangalore,2024-04-16
1232,Harsh Rao,Mumbai,2023-09-15
1233,Priya Bhat,Bangalore,2021-03-26
1234,Rohan Shetty,Mumbai,2024-06-21
1235,Rishi Krishnan,Ahmedabad,2020-10-22
1236,Kavya Chatterjee,Kolkata,2024-06-16
1237,Isha Sharma,Hyderabad,2023-02-10
1238,Meera Reddy,Bangalore,2023-03-18
1239,Yash Rao,Delhi,2020-06-23
1240,Kavya Iyer,Chennai,2024-01-26
1241,Vivek Iyer,Delhi,2023-08-15
1242,Siddharth Mehta,Bangalore,2021-03-28
1243,Anushka Joshi,Bangalore,2021-01-06
1244,Aakash Nair,Pune,2023-01-29
1245,Lavanya Agarwal,Delhi,2021-08-18
1246,Kiran Joshi,Bangalore,2024-01-26
1247,Maya Bhat,Ahmedabad,2022-01-01
1248,Rohan Chatterjee,Hyderabad,2020-07-23
1249,Nikhil Bose,Bangalore,2021-01-31
1250,Raj Bhat,Delhi,2023-06-16
1251,Kavya Menon,Hyderabad,2023-03-04
1252,Aakash Singh,Pune,2022-05-27
1253,Aditya Sharma,Mumbai,2024-05-28
1254,Karthik Menon,Chennai,2022-06-12
1255,Shreya Singh,Bangalore,2024-02-10
1256,Tanvi Bhat,Delhi,2022-01-04
1257,Kavya Bhat,Hyderabad,2020-12-25
1258,Yash Verma,Pune,2020-10-13
1259,Rishi Iyer,Mumbai,2023-07-07
1260,Kiran Shetty,Bangalore,2020-02-08
1261,Siddharth Agarwal,Bangalore,2023-04-06
1262,Maya Rao,Chennai,2021-03-11
1263,Rahul Kapoor,Mumbai,2023-01-10
1264,Varun Agarwal,Chennai,2022-01-19
1265,Swati Pillai,Kolkata,2023-04-22
1266,Nikhil Mehta,Delhi,2022-11-11
1267,Ananya Rao,Mumbai,2020-01-22
1268,Riya Bose,Chennai,2024-03-30
1269,Siddharth Mehta,Delhi,2021-01-01
1270,Aakash Malhotra,Hyderabad,2020-10-26
1271,Varun Singh,Bangalore,2024-04-08
1272,Nidhi Pillai,Bangalore,2022-01-26
1273,Karthik Nair,Hyderabad,2022-11-26
1274,Isha Rao,Delhi,2022-07-20
1275,Rahul Nair,Ahmedabad,2021-10-25
1276,Vikram Menon,Ahmedabad,2023-07-21
1277,Shreya Shetty,Mumbai,2023-01-19
1278,Aakash Das,Mumbai,2022-02-14
1279,Isha Malhotra,Hyderabad,2020-06-08
1280,Anjali Joshi,Mumbai,2021-04-01
1281,Anjali Rao,Mumbai,2021-12-07
1282,Nidhi Bhat,Kolkata,2020-01-14
1283,Siddharth Mehta,Delhi,2021-04-16
1284,Kiran Chopra,Hyderabad,2021-03-09
1285,Meera Das,Bangalore,2023-05-17
1286,Divya Chatterjee,Mumbai,2021-11-07
1287,Divya Bhat,Hyderabad,2022-09-08
1288,Neha Malhotra,Bangalore,2022-04-21
1289,Priya Pillai,Bangalore,2023-03-20
1290,Maya Das,Bangalore,2022-11-15
1291,Rahul Malhotra,Bangalore,2020-12-06
1292,Amit Das,Delhi,2022-04-10
1293,Yash Malhotra,Hyderabad,2024-01-13
1294,Nikhil Verma,Bangalore,2023-05-27
1295,Varun Bhat,Bangalore,2022-04-21
1296,Yash Mehta,Pune,2024-04-20
1297,Pooja Bose,Hyderabad,2021-06-25
1298,Aditya Shetty,Chennai,2022-07-17
1299,Yash Malhotra,Bangalore,2022-02-13
1300,Manish Mehta,Bangalore,2021-02-18
1301,Anjali Chopra,Chennai,2020-11-02
1302,Yash Reddy,Bangalore,2023-06-13
1303,Yash Nair,Kolkata,2022-12-24
1304,Siddharth Reddy,Bangalore,2023-09-12
1305,Rohan Bose,Delhi,2020-01-03
1306,Deepa Chopra,Delhi,2020-03-29
1307,Anjali Kumar,Mumbai,2022-09-14
1308,Manish Singh,Hyderabad,2024-02-27
1309,Aakash Reddy,Delhi,2021-06-05
1310,Varun Pillai,Kolkata,2020-06-20
1311,Nikhil Bose,Kolkata,2022-04-16
1312,Amit Iyer,Bangalore,2024-03-02
1313,Arjun Malhotra,Delhi,2022-11-30
1314,Arjun Rao,Hyderabad,2023-11-09
1315,Raj Kumar,Mumbai,2020-11-12
1316,Deepa Agarwal,Hyderabad,2021-06-19
1317,Rishi Kumar,Hyderabad,2023-06-07
1318,Shreya Chatterjee,Mumbai,2021-02-21
1319,Abhishek Kapoor,Pune,2022-09-15
1320,Pooja Singh,Hyderabad,2022-09-17
1321,Amit Krishnan,Hyderabad,2024-05-04
1322,Swati Shetty,Bangalore,2023-09-12
1323,Divya Shetty,Mumbai,2024-05-22
1324,Aditya Reddy,Bangalore,2022-03-31
1325,Tanvi Kapoor,Hyderabad,2023-11-02
1326,Sneha Das,Mumbai,2023-07-26
1327,Arjun Verma,Pune,2022-08-23
1328,Yash Kumar,Bangalore,2021-06-22
1329,Karthik Singh,Bangalore,2020-03-18
1330,Manish Rao,Hyderabad,2022-12-03
1331,Nikhil Menon,Ahmedabad,2020-04-27
1332,Pooja Agarwal,Delhi,2020-01-22
1333,Sanjay Chatterjee,Kolkata,2022-11-27
1334,Nikhil Iyer,Bangalore,2023-05-12
1335,Siddharth Chopra,Chennai,2023-06-13
1336,Aditya Chatterjee,Bangalore,2021-05-04
1337,Arjun Das,Bangalore,2021-07-19
1338,Swati Singh,Hyderabad,2022-04-10
1339,Maya Iyer,Delhi,2024-02-18
1340,Kiran Verma,Delhi,2024-01-27
1341,Preeti Malhotra,Mumbai,2021-07-20
1342,Karthik Bose,Ahmedabad,2022-07-20
1343,Swati Malhotra,Bangalore,2020-12-24
1344,Abhishek Chopra,Bangalore,2020-05-28
1345,Siddharth Krishnan,Mumbai,2020-08-27
1346,Siddharth Joshi,Kolkata,2024-06-12
1347,Aakash Joshi,Chennai,2022-02-11
1348,Aakash Bhat,Chennai,2024-03-31
1349,Tanvi Gupta,Chennai,2023-04-16
1350,Priya Bhat,Bangalore,2020-05-18
1351,Manish Agarwal,Pune,2021-03-27
1352,Karthik Patel,Delhi,2021-12-24
1353,Anjali Kapoor,Bangalore,2021-06-23
1354,Riya Krishnan,Bangalore,2023-10-11
1355,Tanvi Verma,Hyderabad,2020-12-31
1356,Varun Patel,Mumbai,2023-03-20
1357,Shreya Das,Kolkata,2023-10-31
1358,Sanjay Bhat,Chennai,2021-04-25
1359,Riya Joshi,Bangalore,2021-02-19
1360,Riya Bose,Mumbai,2024-05-14
1361,Vikram Reddy,Kolkata,2023-10-16
1362,Nidhi Bose,Bangalore,2023-01-13
1363,Rahul Bhat,Mumbai,2021-10-07
1364,Nidhi Malhotra,Pune,2022-10-02
1365,Pooja Chopra,Mumbai,2021-03-30
1366,Aakash Mehta,Bangalore,2024-06-24
1367,Deepa Bhat,Kolkata,2020-03-07
1368,Siddharth Singh,Mumbai,2023-11-06
1369,Pooja Gupta,Ahmedabad,2023-12-01
1370,Anjali Gupta,Mumbai,2020-01-18
1371,Arjun Chatterjee,Bangalore,2023-04-04
1372,Vikram Patel,Mumbai,2021-06-15
1373,Pooja Kapoor,Mumbai,2021-07-05
1374,Varun Bose,Mumbai,2021-01-11
1375,Nidhi Kumar,Bangalore,2023-12-06
1376,Isha Singh,Pune,2021-07-26
1377,Harsh Das,Hyderabad,2023-03-25
1378,Karthik Reddy,Chennai,2021-04-27
1379,Preeti Kumar,Pune,2021-02-05
1380,Meera Shetty,Bangalore,2020-01-20
1381,Pooja Kumar,Delhi,2023-07-15
1382,Anjali Kapoor,Chennai,2024-05-27
1383,Nidhi Krishnan,Mumbai,2023-03-08
1384,Sneha Rao,Bangalore,2020-11-30
1385,Sneha Iyer,Pune,2022-09-02
1386,Vikram Gupta,Chennai,2021-06-16
1387,Isha Singh,Hyderabad,2021-06-11
1388,Vivek Sharma,Delhi,2021-12-20
1389,Yash Iyer,Hyderabad,2023-08-23
1390,Rishi Das,Ahmedabad,2021-08-05
1391,Vivek Patel,Hyderabad,2022-09-25
1392,Harsh Verma,Mumbai,2021-08-09
1393,Lavanya Agarwal,Ahmedabad,2020-12-09
1394,Tanvi Kumar,Hyderabad,2023-03-16
1395,Swati Verma,Bangalore,2021-12-04
1396,Karthik Patel,Mumbai,2021-08-19
1397,Shreya Bose,Hyderabad,2021-07-09
1398,Harsh Singh,Chennai,2022-12-02
1399,Harsh Kumar,Bangalore,2020-02-17
1400,Rohan Shetty,Mumbai,2021-05-30
1401,Ananya Iyer,Bangalore,2020-07-29
1402,Vikram Verma,Kolkata,2022-08-27
1403,Preeti Nair,Bangalore,2022-03-24
1404,Anjali Verma,Bangalore,2023-06-19
1405,Meera Verma,Hyderabad,2022-03-09
1406,Kavya Pillai,Mumbai,2021-08-04
1407,Harsh Agarwal,Bangalore,2022-12-14
1408,Aditya Sharma,Bangalore,2021-12-31
1409,Raj Bhat,Delhi,2023-01-12
1410,Shreya Kapoor,Delhi,2023-11-29
1411,Rishi Das,Hyderabad,2022-07-24
1412,Aakash Kumar,Delhi,2023-08-02
1413,Rishi Krishnan,Kolkata,2022-09-13
1414,Rishi Pillai,Pune,2022-06-23
1415,Kavya Singh,Delhi,2020-11-14
1416,Kavya Sharma,Bangalore,2024-04-01
1417,Rohan Singh,Mumbai,2022-12-31
1418,Arjun Menon,Kolkata,2024-03-27
1419,Varun Krishnan,Bangalore,2022-05-31
1420,Nikhil Bose,Mumbai,2020-01-15
1421,Preeti Singh,Bangalore,2023-02-22
1422,Deepa Rao,Mumbai,2024-01-04
1423,Manish Rao,Mumbai,2020-06-11
1424,Deepa Agarwal,Mumbai,2024-04-14
1425,Anushka Menon,Chennai,2021-08-06
1426,Rishi Joshi,Delhi,2020-05-20
1427,Pooja Mehta,Mumbai,2023-07-28
1428,Lavanya Bose,Delhi,2023-12-05
1429,Anushka Bhat,Bangalore,2020-02-09
1430,Meera Nair,Ahmedabad,2020-02-15
1431,Pooja Reddy,Mumbai,2020-09-13
1432,Harsh Shetty,Bangalore,2020-07-03
1433,Meera Sharma,Delhi,2021-12-01
1434,Abhishek Krishnan,Pune,2022-10-17
1435,Isha Gupta,Chennai,2020-03-05
1436,Tanvi Verma,Pune,2020-10-26
1437,Sneha Joshi,Chennai,2020-05-26
1438,Rishi Bhat,Bangalore,2021-05-27
1439,Manish Sharma,Bangalore,2024-04-22
1440,Riya Rao,Chennai,2022-06-26
1441,Riya Shetty,Ahmedabad,2021-02-11
1442,Lavanya Shetty,Chennai,2022-12-03
1443,Neha Bhat,Mumbai,2021-10-01
1444,Raj Das,Hyderabad,2020-03-27
1445,Preeti Chopra,Bangalore,2022-09-12
1446,Kavya Iyer,Mumbai,2020-04-16
1447,Neha Reddy,Mumbai,2022-06-08
1448,Raj Sharma,Bangalore,2021-07-19
1449,Maya Reddy,Mumbai,2021-05-12
1450,Arjun Nair,Hyderabad,2023-11-15
1451,Varun Menon,Hyderabad,2022-01-30
1452,Ananya Pillai,Bangalore,2020-07-06
1453,Anushka Patel,Kolkata,2024-04-04
1454,Sneha Nair,Mumbai,2020-11-11
1455,Rishi Reddy,Bangalore,2021-04-21
1456,Raj Kapoor,Pune,2024-03-29
1457,Vivek Gupta,Chennai,2020-02-13
1458,Manish Singh,Chennai,2021-05-28
1459,Rahul Bhat,Chennai,2023-02-18
1460,Nikhil Kapoor,Chennai,2021-01-23
1461,Aakash Das,Delhi,2021-10-24
1462,Lavanya Joshi,Pune,2023-05-11
1463,Preeti Das,Bangalore,2020-11-13
1464,Harsh Krishnan,Pune,2023-01-14
1465,Isha Gupta,Bangalore,2023-07-30
1466,Siddharth Rao,Chennai,2020-02-08
1467,Anushka Singh,Chennai,2021-05-04
1468,Raj Shetty,Bangalore,2023-01-08
1469,Manish Iyer,Delhi,2022-10-15
1470,Preeti Mehta,Hyderabad,2021-10-22
1471,Abhishek Agarwal,Mumbai,2020-07-16
1472,Anjali Chatterjee,Bangalore,2020-09-22
1473,Pooja Nair,Bangalore,2022-09-21
1474,Sanjay Reddy,Bangalore,2023-08-07
1475,Manish Chatterjee,Delhi,2023-07-01
1476,Maya Joshi,Bangalore,2021-03-28
1477,Yash Menon,Bangalore,2021-03-03
1478,Nidhi Verma,Delhi,2023-08-01
1479,Sneha Singh,Hyderabad,2022-05-01
1480,Isha Menon,Bangalore,2023-06-17
1481,Shreya Chopra,Bangalore,2020-05-24
1482,Kavya Verma,Kolkata,2022-11-29
1483,Vikram Reddy,Chennai,2022-12-24
1484,Manish Iyer,Bangalore,2023-09-07
1485,Riya Malhotra,Hyderabad,2021-01-01
1486,Preeti Shetty,Hyderabad,2024-03-08
1487,Vikram Agarwal,Hyderabad,2023-10-13
1488,Lavanya Menon,Hyderabad,2020-08-01
1489,Aditya Das,Delhi,2022-10-30
1490,Tanvi Chatterjee,Bangalore,2023-05-13
1491,Harsh Singh,Kolkata,2023-01-31
1492,Raj Singh,Delhi,2023-07-20
1493,Deepa Shetty,Mumbai,2021-05-07
1494,Aakash Kapoor,Bangalore,2024-04-17
1495,Preeti Shetty,Mumbai,2022-07-15
1496,Harsh Rao,Bangalore,2020-03-11
1497,Nikhil Bose,Bangalore,2020-10-03
1498,Kavya Sharma,Mumbai,2021-03-30
1499,Neha Patel,Bangalore,2023-11-13
1500,Shreya Kapoor,Delhi,2023-03-14
1501,Aakash Mehta,Bangalore,2022-07-31
1502,Vivek Mehta,Bangalore,2022-01-21
1503,Maya Pillai,Mumbai,2021-09-07
1504,Ananya Malhotra,Mumbai,2021-03-21
1505,Kiran Shetty,Mumbai,2022-09-15
1506,Pooja Bhat,Pune,2023-11-13
1507,Aakash Reddy,Hyderabad,2021-09-07
1508,Rahul Shetty,Pune,2022-02-20
1509,Ananya Nair,Kolkata,2021-11-15
1510,Vivek Kumar,Delhi,2020-09-03
1511,Karthik Shetty,Hyderabad,2023-05-18
1512,Arjun Agarwal,Chennai,2022-02-22
1513,Sneha Krishnan,Delhi,2021-10-15
1514,Rishi Malhotra,Bangalore,2022-10-25
1515,Karthik Mehta,Bangalore,2024-02-07
1516,Swati Gupta,Chennai,2023-03-24
1517,Siddharth Verma,Mumbai,2021-08-16
1518,Swati Mehta,Bangalore,2020-06-18
1519,Varun Malhotra,Chennai,2023-01-27
1520,Swati Joshi,Bangalore,2022-10-24
1521,Deepa Menon,Bangalore,2020-10-03
1522,Varun Kapoor,Bangalore,2022-03-20
1523,Aakash Iyer,Hyderabad,2024-02-15
1524,Anjali Pillai,Mumbai,2021-06-29
1525,Deepa Patel,Chennai,2023-03-25
1526,Ananya Reddy,Hyderabad,2022-05-17
1527,Isha Singh,Bangalore,2021-12-06
1528,Yash Agarwal,Bangalore,2021-09-16
1529,Aditya Singh,Hyderabad,2022-06-24
1530,Anushka Mehta,Delhi,2021-04-23
1531,Sanjay Chatterjee,Mumbai,2024-03-31
1532,Ananya Reddy,Chennai,2021-05-12
1533,Anushka Mehta,Pune,2021-08-12
1534,Arjun Patel,Chennai,2020-08-15
1535,Kavya Gupta,Delhi,2021-11-10
1536,Neha Shetty,Delhi,2021-02-21
1537,Rishi Chopra,Chennai,2023-01-28
1538,Varun Bose,Chennai,2020-10-16
1539,Priya Rao,Hyderabad,2023-09-20
1540,Anjali Nair,Mumbai,2020-05-03
1541,Nikhil Iyer,Pune,2023-06-19
1542,Shreya Nair,Delhi,2020-01-18
1543,Kiran Rao,Hyderabad,2023-09-19
1544,Isha Reddy,Bangalore,2023-08-22
1545,Manish Pillai,Ahmedabad,2022-11-07
1546,Vikram Patel,Delhi,2023-05-07
1547,Rishi Verma,Bangalore,2022-10-22
1548,Lavanya Kapoor,Kolkata,2020-02-14
1549,Rahul Pillai,Kolkata,2021-09-16
1550,Tanvi Bhat,Mumbai,2020-11-17
1551,Priya Singh,Chennai,2021-12-28
1552,Kavya Pillai,Ahmedabad,2022-10-23
1553,Shreya Nair,Hyderabad,2022-03-03
1554,Priya Kapoor,Kolkata,2021-04-06
1555,Meera Patel,Kolkata,2023-09-07
1556,Rohan Verma,Chennai,2022-12-02
1557,Anushka Agarwal,Chennai,2022-05-04
1558,Riya Malhotra,Bangalore,2021-10-01
1559,Yash Patel,Delhi,2020-09-26
1560,Neha Agarwal,Bangalore,2023-01-13
1561,Sanjay Mehta,Mumbai,2023-12-15
1562,Anjali Mehta,Delhi,2024-04-26
1563,Meera Agarwal,Kolkata,2020-11-19
1564,Raj Verma,Hyderabad,2024-01-13
1565,Divya Das,Mumbai,2020-10-25
1566,Priya Patel,Kolkata,2022-04-27
1567,Abhishek Krishnan,Delhi,2023-07-28
1568,Shreya Mehta,Chennai,2020-08-06
1569,Rohan Das,Bangalore,2023-06-07
1570,Anushka Joshi,Hyderabad,2023-06-08
1571,Karthik Bose,Mumbai,2023-11-08
1572,Priya Singh,Bangalore,2024-05-16
1573,Varun Mehta,Delhi,2023-05-23
1574,Varun Menon,Hyderabad,2021-01-11
1575,Manish Bhat,Delhi,2020-12-01
1576,Sanjay Pillai,Bangalore,2024-04-14
1577,Arjun Joshi,Ahmedabad,2021-03-31
1578,Sanjay Iyer,Bangalore,2022-06-18
1579,Anushka Bhat,Chennai,2022-07-26
1580,Riya Kumar,Delhi,2020-03-26
1581,Yash Shetty,Pune,2024-01-14
1582,Raj Rao,Hyderabad,2024-02-29
1583,Aakash Bose,Delhi,2023-08-06
1584,Rahul Chopra,Bangalore,2022-07-24
1585,Rahul Pillai,Delhi,2022-03-21
1586,Rahul Kapoor,Mumbai,2024-04-16
1587,Sneha Iyer,Mumbai,2022-03-26
1588,Kavya Krishnan,Delhi,2022-05-15
1589,Nikhil Bose,Kolkata,2023-11-14
1590,Anjali Mehta,Delhi,2023-08-16
1591,Harsh Verma,Chennai,2020-08-19
1592,Pooja Malhotra,Kolkata,2023-11-26
1593,Rishi Mehta,Mumbai,2021-10-24
1594,Harsh Sharma,Bangalore,2023-04-23
1595,Sanjay Gupta,Bangalore,2021-10-25
1596,Aditya Menon,Chennai,2020-07-05
1597,Divya Menon,Delhi,2022-01-13
1598,Ananya Chopra,Chennai,2024-01-28
1599,Siddharth Bose,Kolkata,2022-02-14
1600,Preeti Rao,Bangalore,2020-12-15
1601,Tanvi Malhotra,Kolkata,2020-11-03
1602,Aditya Mehta,Bangalore,2023-12-29
1603,Sneha Kumar,Mumbai,2024-02-04
1604,Harsh Krishnan,Hyderabad,2020-08-28
1605,Rohan Iyer,Bangalore,2024-04-16
1606,Amit Sharma,Delhi,2022-10-18
1607,Rishi Sharma,Hyderabad,2022-10-07
1608,Riya Iyer,Hyderabad,2022-09-01
1609,Lavanya Kumar,Delhi,2023-05-16
1610,Yash Sharma,Mumbai,2023-01-25
1611,Shreya Bose,Hyderabad,2021-03-01
1612,Sneha Das,Bangalore,2023-08-30
1613,Vivek Nair,Bangalore,2020-03-07
1614,Aakash Bose,Mumbai,2020-06-28
1615,Sneha Reddy,Delhi,2020-12-31
1616,Aditya Chatterjee,Mumbai,2023-09-15
1617,Yash Malhotra,Pune,2020-12-29
1618,Lavanya Shetty,Hyderabad,2020-03-14
1619,Ananya Krishnan,Mumbai,2022-02-15
1620,Kiran Kumar,Pune,2020-05-12
1621,Nikhil Bhat,Bangalore,2023-11-23
1622,Shreya Patel,Delhi,2022-12-10
1623,Neha Menon,Bangalore,2020-04-29
1624,Vikram Malhotra,Chennai,2023-07-12
1625,Anjali Verma,Delhi,2023-11-11
1626,Yash Menon,Mumbai,2023-05-31
1627,Raj Joshi,Delhi,2023-06-30
1628,Vivek Mehta,Hyderabad,2022-10-13
1629,Anjali Shetty,Hyderabad,2022-10-05
1630,Pooja Bose,Mumbai,2021-08-17
1631,Sanjay Sharma,Bangalore,2022-08-10
1632,Divya Shetty,Pune,2024-06-25
1633,Anushka Kumar,Delhi,2021-11-14
1634,Vivek Kapoor,Pune,2021-03-10
1635,Arjun Agarwal,Bangalore,2021-07-30
1636,Amit Verma,Mumbai,2022-11-03
1637,Preeti Patel,Chennai,2020-08-21
1638,Tanvi Patel,Mumbai,2023-03-11
1639,Anushka Sharma,Pune,2021-02-01
1640,Tanvi Patel,Kolkata,2022-09-08
1641,Varun Nair,Hyderabad,2022-09-13
1642,Meera Agarwal,Delhi,2023-01-04
1643,Tanvi Gupta,Pune,2022-04-27
1644,Sneha Chopra,Mumbai,2024-01-24
1645,Raj Kapoor,Delhi,2021-03-02
1646,Aakash Chatterjee,Mumbai,2024-06-17
1647,Vivek Verma,Ahmedabad,2021-07-28
1648,Priya Patel,Ahmedabad,2023-07-07
1649,Rishi Das,Hyderabad,2022-03-08
1650,Pooja Bose,Bangalore,2024-05-21
1651,Kavya Menon,Pune,2023-12-24
1652,Rahul Joshi,Delhi,2022-10-14
1653,Riya Singh,Delhi,2021-09-11
1654,Neha Chopra,Mumbai,2020-08-17
1655,Isha Nair,Chennai,2020-07-08
1656,Harsh Chopra,Bangalore,2022-09-15
1657,Siddharth Mehta,Bangalore,2022-09-17
1658,Anjali Krishnan,Chennai,2020-10-20
1659,Vikram Chopra,Hyderabad,2020-09-28
1660,Neha Shetty,Bangalore,2022-03-04
1661,Anjali Reddy,Bangalore,2020-03-31
1662,Yash Verma,Mumbai,2020-04-04
1663,Vikram Chopra,Chennai,2024-03-06
1664,Kavya Sharma,Hyderabad,2021-10-01
1665,Neha Patel,Bangalore,2021-08-09
1666,Shreya Kapoor,Mumbai,2022-06-22
1667,Divya Joshi,Bangalore,2021-07-14
1668,Divya Sharma,Ahmedabad,2023-02-20
1669,Siddharth Reddy,Bangalore,2021-12-18
1670,Preeti Patel,Mumbai,2023-12-13
1671,Nikhil Malhotra,Mumbai,2020-05-25
1672,Kavya Bose,Kolkata,2023-01-12
1673,Harsh Nair,Bangalore,2022-08-22
1674,Sneha Reddy,Mumbai,2020-06-25
1675,Deepa Rao,Bangalore,2023-05-05
1676,Maya Agarwal,Pune,2023-12-03
1677,Harsh Bose,Mumbai,2021-11-11
1678,Sanjay Menon,Chennai,2022-12-28
1679,Ananya Gupta,Hyderabad,2020-07-09
1680,Lavanya Reddy,Delhi,2023-11-02
1681,Lavanya Bhat,Mumbai,2021-04-03
1682,Meera Bose,Mumbai,2022-01-14
1683,Swati Das,Chennai,2023-09-24
1684,Tanvi Patel,Delhi,2020-03-02
1685,Kiran Bhat,Bangalore,2022-09-07
1686,Lavanya Das,Mumbai,2021-12-14
1687,Yash Malhotra,Bangalore,2020-07-29
1688,Swati Menon,Pune,2021-10-29
1689,Preeti Agarwal,Bangalore,2021-09-10
1690,Rishi Gupta,Delhi,2022-04-26
1691,Riya Bose,Mumbai,2020-11-21
1692,Varun Rao,Bangalore,2021-03-02
1693,Maya Kumar,Pune,2022-06-10
1694,Aakash Patel,Delhi,2021-04-28
1695,Pooja Chatterjee,Hyderabad,2024-02-23
1696,Aakash Bhat,Bangalore,2023-05-05
1697,Lavanya Patel,Hyderabad,2022-06-30
1698,Pooja Krishnan,Ahmedabad,2020-05-22
1699,Yash Reddy,Chennai,2023-05-06
1700,Manish Patel,Delhi,2023-09-14
1701,Sneha Verma,Bangalore,2020-10-11
1702,Maya Agarwal,Pune,2024-03-30
1703,Meera Chatterjee,Bangalore,2022-12-24
1704,Nikhil Rao,Hyderabad,2022-07-04
1705,Sanjay Iyer,Chennai,2021-10-10
1706,Kavya Malhotra,Pune,2023-10-23
1707,Kavya Kumar,Chennai,2021-12-06
1708,Ananya Malhotra,Bangalore,2022-11-11
1709,Swati Mehta,Pune,2020-05-07
1710,Isha Kapoor,Ahmedabad,2020-01-02
1711,Preeti Singh,Bangalore,2021-07-31
1712,Priya Pillai,Delhi,2023-04-23
1713,Swati Agarwal,Mumbai,2022-02-22
1714,Swati Rao,Delhi,2021-03-08
1715,Pooja Bhat,Bangalore,2023-02-11
1716,Manish Singh,Pune,2020-11-11
1717,Nikhil Chatterjee,Bangalore,2020-01-24
1718,Kiran Agarwal,Bangalore,2024-01-17
1719,Nidhi Chatterjee,Delhi,2020-10-05
1720,Ananya Mehta,Hyderabad,2022-05-01
1721,Lavanya Menon,Hyderabad,2022-05-21
1722,Anushka Das,Delhi,2022-05-18
1723,Preeti Gupta,Mumbai,2021-04-07
1724,Pooja Kumar,Hyderabad,2023-03-29
1725,Nidhi Shetty,Mumbai,2022-10-24
1726,Shreya Kumar,Kolkata,2023-03-26
1727,Isha Nair,Ahmedabad,2023-03-09
1728,Varun Menon,Mumbai,2023-04-03
1729,Varun Menon,Bangalore,2024-02-04
1730,Anjali Joshi,Delhi,2020-06-09
1731,Anjali Bose,Bangalore,2022-08-25
1732,Kiran Chatterjee,Hyderabad,2024-06-22
1733,Maya Krishnan,Hyderabad,2021-12-04
1734,Rishi Sharma,Delhi,2022-11-15
1735,Varun Malhotra,Chennai,2022-05-12
1736,Vivek Krishnan,Mumbai,2020-03-13
1737,Yash Shetty,Mumbai,2024-05-26
1738,Aakash Joshi,Bangalore,2022-08-27
1739,Maya Das,Hyderabad,2023-09-06
1740,Nikhil Shetty,Hyderabad,2021-08-10
1741,Nidhi Verma,Bangalore,2020-06-06
1742,Shreya Joshi,Bangalore,2021-07-29
1743,Shreya Joshi,Bangalore,2020-08-16
1744,Yash Das,Kolkata,2024-02-22
1745,Meera Chatterjee,Delhi,2020-12-25
1746,Amit Menon,Mumbai,2021-01-05
1747,Anjali Nair,Mumbai,2020-06-21
1748,Meera Bose,Kolkata,2020-11-11
1749,Nidhi Kumar,Chennai,2021-05-02
1750,Harsh Shetty,Hyderabad,2021-03-07
1751,Aakash Shetty,Pune,2020-04-21
1752,Amit Reddy,Bangalore,2022-08-08
1753,Swati Bhat,Mumbai,2024-03-08
1754,Rishi Pillai,Mumbai,2023-12-16
1755,Manish Bhat,Mumbai,2022-12-22
1756,Deepa Sharma,Mumbai,2024-06-20
1757,Harsh Rao,Hyderabad,2022-12-21
1758,Rahul Reddy,Kolkata,2023-07-29
1759,Vivek Kumar,Hyderabad,2023-08-28
1760,Shreya Patel,Mumbai,2020-07-20
1761,Amit Agarwal,Hyderabad,2022-08-02
1762,Riya Shetty,Hyderabad,2024-04-26
1763,Sanjay Chopra,Mumbai,2023-11-14
1764,Pooja Patel,Delhi,2023-10-09
1765,Arjun Verma,Bangalore,2020-07-19
1766,Anjali Reddy,Chennai,2021-12-20
1767,Karthik Shetty,Mumbai,2021-01-30
1768,Rahul Sharma,Hyderabad,2020-04-26
1769,Yash Chatterjee,Kolkata,2021-03-20
1770,Yash Agarwal,Bangalore,2020-09-02
1771,Ananya Bose,Bangalore,2023-09-06
1772,Aakash Das,Kolkata,2023-11-25
1773,Pooja Joshi,Mumbai,2023-09-14
1774,Kiran Agarwal,Delhi,2021-07-20
1775,Deepa Menon,Kolkata,2024-04-25
1776,Raj Joshi,Bangalore,2020-05-31
1777,Shreya Nair,Mumbai,2021-11-12
1778,Sneha Joshi,Ahmedabad,2021-06-26
1779,Pooja Gupta,Bangalore,2021-02-14
1780,Anushka Rao,Bangalore,2022-10-04
1781,Vikram Mehta,Delhi,2022-06-02
1782,Neha Bose,Hyderabad,2022-06-23
1783,Amit Reddy,Bangalore,2020-05-24
1784,Aakash Shetty,Mumbai,2022-07-02
1785,Priya Bhat,Bangalore,2023-08-04
1786,Arjun Nair,Hyderabad,2021-06-29
1787,Meera Menon,Mumbai,2022-03-12
1788,Aakash Sharma,Delhi,2024-04-27
1789,Nidhi Bhat,Delhi,2024-01-30
1790,Kiran Kapoor,Mumbai,2022-02-26
1791,Varun Reddy,Hyderabad,2022-01-05
1792,Tanvi Chatterjee,Mumbai,2020-04-23
1793,Ananya Singh,Delhi,2021-11-27
1794,Ananya Gupta,Chennai,2021-08-16
1795,Sanjay Das,Hyderabad,2022-02-25
1796,Sanjay Krishnan,Chennai,2020-08-06
1797,Vivek Bhat,Bangalore,2023-07-19
1798,Harsh Shetty,Bangalore,2020-03-14
1799,Sanjay Sharma,Chennai,2023-04-29
1800,Riya Bhat,Mumbai,2024-06-11
1801,Rishi Agarwal,Mumbai,2022-12-29
1802,Harsh Sharma,Bangalore,2020-04-24
1803,Tanvi Shetty,Bangalore,2020-08-30
1804,Neha Agarwal,Hyderabad,2022-07-27
1805,Rishi Mehta,Chennai,2021-04-22
1806,Kiran Nair,Chennai,2022-09-28
1807,Priya Bhat,Kolkata,2023-06-20
1808,Rahul Pillai,Chennai,2020-09-24
1809,Arjun Das,Hyderabad,2021-09-21
1810,Vikram Gupta,Hyderabad,2023-04-25
1811,Kiran Reddy,Bangalore,2023-05-03
1812,Anushka Pillai,Bangalore,2021-02-19
1813,Deepa Patel,Pune,2024-02-20
1814,Swati Patel,Bangalore,2023-11-02
1815,Aakash Kapoor,Bangalore,2024-06-12
1816,Neha Nair,Hyderabad,2021-11-18
1817,Kiran Reddy,Mumbai,2024-03-31
1818,Abhishek Das,Chennai,2023-02-07
1819,Aditya Gupta,Mumbai,2023-04-06
1820,Rahul Mehta,Bangalore,2023-07-18
1821,Anushka Rao,Chennai,2020-02-02
1822,Nidhi Verma,Bangalore,2021-01-02
1823,Ananya Menon,Hyderabad,2021-08-04
1824,Abhishek Menon,Pune,2024-05-01
1825,Varun Menon,Bangalore,2020-10-20
1826,Shreya Chopra,Delhi,2021-05-04
1827,Pooja Bose,Chennai,2023-05-06
1828,Pooja Menon,Delhi,2020-06-29
1829,Kavya Singh,Delhi,2023-02-16
1830,Riya Iyer,Bangalore,2022-12-21
1831,Vikram Bose,Mumbai,2024-04-07
1832,Rishi Chopra,Bangalore,2024-04-26
1833,Neha Joshi,Bangalore,2020-08-18
1834,Meera Chatterjee,Pune,2022-08-29
1835,Nidhi Das,Bangalore,2020-03-29
1836,Sneha Agarwal,Mumbai,2021-03-05
1837,Deepa Joshi,Mumbai,2024-04-02
1838,Lavanya Nair,Bangalore,2020-04-17
1839,Rishi Das,Bangalore,2020-02-29
1840,Nidhi Chopra,Bangalore,2021-04-26
1841,Harsh Malhotra,Hyderabad,2022-05-08
1842,Sanjay Shetty,Hyderabad,2021-10-29
1843,Karthik Reddy,Mumbai,2020-07-19
1844,Riya Shetty,Delhi,2021-02-13
1845,Manish Pillai,Bangalore,2023-04-13
1846,Nidhi Nair,Kolkata,2020-10-23
1847,Neha Bose,Delhi,2022-03-04
1848,Isha Mehta,Delhi,2021-02-01
1849,Vivek Joshi,Bangalore,2020-09-17
1850,Rahul Menon,Hyderabad,2021-07-28
1851,Rohan Reddy,Pune,2022-07-28
1852,Abhishek Das,Chennai,2021-03-26
1853,Nikhil Bose,Bangalore,2024-06-15
1854,Anushka Das,Hyderabad,2023-02-06
1855,Karthik Verma,Delhi,2022-12-04
1856,Nidhi Iyer,Hyderabad,2022-08-05
1857,Shreya Sharma,Chennai,2024-02-16
1858,Riya Pillai,Mumbai,2023-04-01
1859,Karthik Malhotra,Kolkata,2023-03-20
1860,Arjun Kumar,Ahmedabad,2020-03-23
1861,Varun Shetty,Chennai,2020-03-09
1862,Deepa Chopra,Mumbai,2024-06-22
1863,Vikram Gupta,Delhi,2020-06-19
1864,Preeti Sharma,Chennai,2022-04-12
1865,Neha Mehta,Mumbai,2021-05-04
1866,Ananya Sharma,Delhi,2021-09-16
1867,Aditya Menon,Delhi,2023-03-14
1868,Maya Sharma,Ahmedabad,2022-08-07
1869,Rohan Menon,Delhi,2024-06-05
1870,Isha Agarwal,Delhi,2023-07-21
1871,Arjun Agarwal,Bangalore,2023-11-15
1872,Tanvi Chopra,Bangalore,2022-05-22
1873,Shreya Menon,Kolkata,2023-01-15
1874,Aakash Iyer,Pune,2020-06-14
1875,Anushka Patel,Chennai,2020-04-22
1876,Siddharth Chatterjee,Mumbai,2020-04-15
1877,Divya Rao,Mumbai,2023-06-21
1878,Rahul Singh,Mumbai,2023-08-20
1879,Preeti Menon,Bangalore,2023-12-23
1880,Neha Mehta,Ahmedabad,2021-05-03
1881,Rishi Reddy,Hyderabad,2024-02-19
1882,Maya Menon,Bangalore,2024-03-05
1883,Karthik Patel,Mumbai,2021-07-01
1884,Siddharth Chatterjee,Delhi,2020-04-21
1885,Kiran Singh,Mumbai,2022-09-22
1886,Siddharth Chopra,Pune,2022-08-20
1887,Rishi Chatterjee,Pune,2021-08-21
1888,Harsh Bose,Mumbai,2023-10-10
1889,Kiran Iyer,Kolkata,2022-07-26
1890,Ananya Verma,Mumbai,2021-01-01
1891,Nikhil Verma,Bangalore,2021-07-19
1892,Divya Menon,Bangalore,2020-11-04
1893,Neha Chopra,Ahmedabad,2020-02-16
1894,Nikhil Kumar,Ahmedabad,2023-01-13
1895,Rohan Bhat,Mumbai,2022-06-28
1896,Priya Krishnan,Bangalore,2020-02-15
1897,Karthik Chopra,Hyderabad,2022-04-23
1898,Maya Patel,Hyderabad,2024-05-30
1899,Raj Bhat,Hyderabad,2023-11-28
1900,Anjali Kapoor,Delhi,2021-09-14
1901,Aakash Mehta,Kolkata,2021-09-19
1902,Aditya Joshi,Mumbai,2022-01-31
1903,Nikhil Nair,Bangalore,2021-08-05
1904,Lavanya Das,Hyderabad,2020-11-25
1905,Rishi Krishnan,Bangalore,2020-12-25
1906,Meera Das,Mumbai,2020-03-25
1907,Raj Malhotra,Bangalore,2021-06-17
1908,Isha Das,Bangalore,2023-12-19
1909,Rahul Chatterjee,Mumbai,2021-12-05
1910,Meera Singh,Delhi,2020-11-28
1911,Rishi Krishnan,Bangalore,2020-02-21
1912,Swati Bhat,Chennai,2022-07-27
1913,Raj Mehta,Bangalore,2024-02-21
1914,Rishi Chopra,Mumbai,2023-12-15
1915,Nikhil Bhat,Kolkata,2024-03-24
1916,Aakash Chatterjee,Bangalore,2023-03-03
1917,Harsh Patel,Chennai,2024-02-07
1918,Varun Nair,Bangalore,2023-02-02
1919,Divya Krishnan,Bangalore,2023-06-18
1920,Karthik Gupta,Mumbai,2021-10-30
1921,Sneha Bose,Hyderabad,2023-04-09
1922,Anjali Pillai,Pune,2024-04-20
1923,Shreya Iyer,Bangalore,2023-01-07
1924,Harsh Chatterjee,Hyderabad,2020-06-27
1925,Siddharth Rao,Bangalore,2021-10-12
1926,Yash Bose,Delhi,2020-04-24
1927,Isha Rao,Bangalore,2022-05-25
1928,Isha Rao,Mumbai,2021-08-05
1929,Vivek Singh,Mumbai,2022-07-01
1930,Preeti Verma,Bangalore,2022-06-28
1931,Abhishek Gupta,Mumbai,2024-01-30
1932,Deepa Shetty,Kolkata,2020-10-12
1933,Maya Bose,Bangalore,2021-03-01
1934,Kavya Bhat,Ahmedabad,2022-12-11
1935,Tanvi Verma,Kolkata,2023-04-24
1936,Manish Verma,Bangalore,2023-08-01
1937,Shreya Kumar,Bangalore,2022-08-04
1938,Aakash Mehta,Bangalore,2022-02-20
1939,Nikhil Kapoor,Delhi,2021-09-10
1940,Maya Krishnan,Delhi,2024-02-24
1941,Lavanya Pillai,Bangalore,2020-01-06
1942,Meera Joshi,Mumbai,2023-08-04
1943,Varun Reddy,Hyderabad,2021-08-12
1944,Abhishek Das,Delhi,2023-11-09
1945,Riya Sharma,Bangalore,2021-07-21
1946,Nidhi Verma,Hyderabad,2022-01-10
1947,Maya Bhat,Hyderabad,2021-06-12
1948,Varun Menon,Pune,2022-02-03
1949,Siddharth Shetty,Hyderabad,2021-06-15
1950,Aditya Malhotra,Bangalore,2021-10-16
1951,Lavanya Menon,Bangalore,2020-11-30
1952,Sneha Joshi,Mumbai,2023-07-27
1953,Vivek Nair,Mumbai,2022-12-20
1954,Kiran Chopra,Bangalore,2023-07-10
1955,Pooja Reddy,Hyderabad,2020-12-08
1956,Rishi Patel,Kolkata,2023-11-03
1957,Kavya Joshi,Chennai,2023-11-10
1958,Isha Reddy,Delhi,2021-12-21
1959,Meera Sharma,Bangalore,2021-07-30
1960,Isha Bhat,Delhi,2020-11-29
1961,Vikram Iyer,Bangalore,2021-03-28
1962,Sanjay Kapoor,Hyderabad,2022-12-12
1963,Rishi Menon,Hyderabad,2024-03-28
1964,Divya Kumar,Delhi,2020-06-05
1965,Divya Mehta,Kolkata,2022-09-09
1966,Vivek Krishnan,Chennai,2020-10-11
1967,Harsh Bose,Delhi,2021-12-01
1968,Pooja Menon,Mumbai,2024-03-04
1969,Divya Pillai,Bangalore,2023-11-22
1970,Meera Menon,Mumbai,2020-09-13
1971,Neha Mehta,Ahmedabad,2022-05-20
1972,Divya Verma,Bangalore,2022-09-18
1973,Deepa Nair,Bangalore,2020-03-08
1974,Siddharth Malhotra,Bangalore,2020-08-31
1975,Amit Nair,Bangalore,2023-09-29
1976,Arjun Reddy,Pune,2023-05-17
1977,Neha Malhotra,Kolkata,2021-01-13
1978,Vivek Sharma,Bangalore,2024-03-08
1979,Shreya Malhotra,Mumbai,2020-11-24
1980,Siddharth Shetty,Hyderabad,2022-10-31
1981,Aakash Verma,Bangalore,2023-03-30
1982,Arjun Chopra,Bangalore,2021-01-27
1983,Nikhil Das,Kolkata,2023-01-05
1984,Arjun Shetty,Bangalore,2021-03-14
1985,Siddharth Menon,Delhi,2023-11-30
1986,Maya Das,Delhi,2020-08-07
1987,Pooja Singh,Ahmedabad,2022-05-18
1988,Neha Chopra,Mumbai,2020-08-19
1989,Raj Reddy,Delhi,2022-11-30
1990,Rohan Bhat,Chennai,2023-12-14
1991,Nikhil Kapoor,Chennai,2020-06-17
1992,Raj Bhat,Bangalore,2021-08-03
1993,Lavanya Bose,Chennai,2023-11-08
1994,Harsh Pillai,Hyderabad,2021-08-18
1995,Deepa Iyer,Pune,2022-09-01
1996,Isha Das,Bangalore,2023-10-12
1997,Nidhi Chatterjee,Bangalore,2022-06-16
1998,Anjali Chatterjee,Hyderabad,2020-09-01
1999,Meera Rao,Delhi,2023-04-24
2000,Vikram Shetty,Kolkata,2020-12-11
